"RANK","TITOLO","ARTISTA","ETICHETTA","DISTRIBUTORE"
1,"X CASO","GEOLIER FEAT. SFERA EBBASTA","COLUMBIA","SONY MUSIC"
2,"QUEVEDO: BZRP MUSIC SESSIONS, VOL. 52","BIZARRAP & QUEVEDO","DALE PLAY RECORDS","THE ORCHARD"
3,"MONDAY","GEOLIER FEAT. SHIVA & MICHELANGELO","COLUMBIA","SONY MUSIC"
4,"CHIAGNE","GEOLIER FEAT. LAZZA, TAKAGI & KETRA","COLUMBIA","SONY MUSIC"
5,"NON LO SAI","SHIVA","MILANO OVEST/COLUMBIA","SONY MUSIC"
6,"RICORDI","PINGUINI TATTICI NUCLEARI","COLUMBIA","SONY MUSIC"
7,"PANICO","LAZZA, TAKAGI & KETRA","ISLAND","UNIVERSAL MUSIC"
8,"MONEY","GEOLIER","COLUMBIA","SONY MUSIC"
9,"COME VUOI","GEOLIER","COLUMBIA","SONY MUSIC"
10,"ME VULEV FA RUOSS","GEOLIER","COLUMBIA","SONY MUSIC"
11,"SNAP","ROSA LINN","COLUMBIA","SONY MUSIC"
12,"BELLISSIMA","ANNALISA","WARNER RECORDS","WARNER MUSIC"
13,"RICCHEZZA","GEOLIER","COLUMBIA","SONY MUSIC"
14,"NUN SE VER","GEOLIER FEAT. GUÈ","COLUMBIA","SONY MUSIC"
15,"FERRARI","JAMES HYPE & MIGGY DELA ROSA FEAT. LAZZA ","CAPITOL/ISLAND","UNIVERSAL MUSIC"
16,"A L I","IRAMA","ATLANTIC","WARNER MUSIC"
17,"LONELY","GEOLIER","COLUMBIA","SONY MUSIC"
18,"ABISSALE","TANANAI","CAPITOL","UNIVERSAL MUSIC"
19,"ALLELUIA","SHIVA FEAT. SFERA EBBASTA","MILANO OVEST/COLUMBIA","SONY MUSIC"
20,"I'M GOOD (BLUE)","DAVID GUETTA & BEBE REXHA","PARLOPHONE UK","WARNER MUSIC"
21,"MARADONA","GEOLIER","COLUMBIA","SONY MUSIC"
22,"POCO/TROPPO","GEOLIER","COLUMBIA","SONY MUSIC"
23,"I AM","GEOLIER","COLUMBIA","SONY MUSIC"
24,"UNHOLY","SAM SMITH & KIM PETRAS","CAPITOL","UNIVERSAL MUSIC"
25,"!LY","THASUP FEAT. COEZ","ARISTA/COLUMBIA","SONY MUSIC"
26,"THE LONELIEST","MÅNESKIN","EPIC","SONY MUSIC"
27,"GIOVANI WANNABE","PINGUINI TATTICI NUCLEARI","COLUMBIA","SONY MUSIC"
28,"S!R!","THASUP FEAT. LAZZA & SFERA EBBASTA","ARISTA/COLUMBIA/ISLAND","SONY MUSIC"
29,"BLOODY MARY","LADY GAGA","VIRGIN","UNIVERSAL MUSIC"
30,"CAPRI SUN","CAPO PLAZA","PLAZA MUSIC/ATLANTIC","WARNER MUSIC"
31,"NAPO****NO","GEOLIER","COLUMBIA","SONY MUSIC"
32,"VIOLA","FEDEZ FEAT. SALMO","COLUMBIA","SONY MUSIC"
33,"NON CI TORNI PIÙ","GEOLIER FEAT. PAKY","COLUMBIA","SONY MUSIC"
34,"USCITO DI GALERA","LAZZA","ISLAND","UNIVERSAL MUSIC"
35,"CALM DOWN","REMA","VMLAS","UNIVERSAL MUSIC"
36,"TAKE 4","SHIVA","MILANO OVEST/COLUMBIA","SONY MUSIC"
37,"LET GO","CENTRAL CEE","CENTRAL CEE","WARNER MUSIC"
38,"ANOTHER LOVE","TOM ODELL","SONY MUSIC UK","SONY MUSIC"
39,"GIVE YOU MY LOVE","GEOLIER","COLUMBIA","SONY MUSIC"
40,"BELLA FREGATURA","ERNIA","ISLAND","UNIVERSAL MUSIC"
41,"TITÍ ME PREGUNTÓ","BAD BUNNY","RIMAS ENTERTAINMENT LLC","THE ORCHARD"
42,"IN TRAPPOLA","GEOLIER FEAT. LELE BLADE","COLUMBIA","SONY MUSIC"
43,"PIOVE","LAZZA & SFERA EBBASTA","ISLAND","UNIVERSAL MUSIC"
44,"PASTELLO BIANCO","PINGUINI TATTICI NUCLEARI","COLUMBIA","SONY MUSIC"
45,"CREEPIN'","METRO BOOMIN, THE WEEKND & 21 SAVAGE","REPUBLIC RECORDS","UNIVERSAL MUSIC"
46,"NOSTALGIA","BLANCO","ISLAND","UNIVERSAL MUSIC"
47,"HERE I COME","GEOLIER","COLUMBIA","SONY MUSIC"
48,"MOLOTOV","LAZZA","ISLAND","UNIVERSAL MUSIC"
49,"NIENTE DI SPECIALE","GEOLIER","COLUMBIA","SONY MUSIC"
50,"DOVE SI BALLA","DARGEN D'AMICO","ISLAND","UNIVERSAL MUSIC"
51,"ACQUA TONICA","ERNIA, GEOLIER & JUNIOR K","ISLAND","UNIVERSAL MUSIC"
52,"STAR WALKIN' (LEAGUE OF LEGENDS WORLDS ANTHEM)","LIL NAS X","COLUMBIA","SONY MUSIC"
53,"VORREI","SHIVA FEAT. LAZZA","MILANO OVEST/COLUMBIA","SONY MUSIC"
54,"MUJER","ICY SUBZERO","COLUMBIA","SONY MUSIC"
55,"MISS YOU","OLIVER TREE & ROBIN SCHULZ","ATLANTIC RECORDS","WARNER MUSIC"
56,"5 GOCCE","IRAMA FEAT. RKOMI","ATLANTIC","WARNER MUSIC"
57,"LA DOLCE VITA","FEDEZ, TANANAI & MARA SATTEI","COLUMBIA/CAPITOL","SONY MUSIC"
58,"DESPECHÁ","ROSALÍA","EPIC","SONY MUSIC"
59,"TÊTE","AVA FEAT. MEDY & VILLABANKS","ATLANTIC","WARNER MUSIC"
60,"IMPORTANTE","MARRACASH","ISLAND","UNIVERSAL MUSIC"
61,"AS IT WAS","HARRY STYLES","COLUMBIA","SONY MUSIC"
62,"EXTASI","FRED DE PALMA","WARNER RECORDS","WARNER MUSIC"
63,"LA BELLAVITA","PAKY & JUL","ISLAND","UNIVERSAL MUSIC"
64,"HEAVEN","BOOMDABASH & EIFFEL 65","B1","UNIVERSAL MUSIC"
65,"LA CODA DEL DIAVOLO","RKOMI & ELODIE","ISLAND","UNIVERSAL MUSIC"
66,"SHAKERANDO","RHOVE","VIRGIN","UNIVERSAL MUSIC"
67,"FARFALLE","SANGIOVANNI","SUGAR","UNIVERSAL MUSIC"
68,"VIENI NEL MIO CUORE","ULTIMO","ULTIMO RECORDS","BELIEVE"
69,"CARAMELLO","ROCCO HUNT, ELETTRA LAMBORGHINI & LOLA ÍNDIGO","EPIC","SONY MUSIC"
70,"ESCAPISM.","RAYE FEAT. 070 SHAKE","HUMAN RE SOURCES","THE ORCHARD"
71,"NESSUNO","LAZZA & GEOLIER","ISLAND","UNIVERSAL MUSIC"
72,"LO-FI FOR U","TEDUA & SHUNE","EPIC","SONY MUSIC"
73,"HIKIKOMORI","PINGUINI TATTICI NUCLEARI","COLUMBIA","SONY MUSIC"
74,"I AIN'T WORRIED","ONEREPUBLIC","VIRGIN","UNIVERSAL MUSIC"
75,"OK. RESPIRA","ELODIE","ISLAND","UNIVERSAL MUSIC"
76,"MADE YOU LOOK","MEGHAN TRAINOR","EPIC","SONY MUSIC"
77,"CRISI DI STATO","FEDEZ","COLUMBIA","SONY MUSIC"
78,"BRIVIDI","MAHMOOD & BLANCO","ISLAND","UNIVERSAL MUSIC"
79,"DON'T YOU WORRY","BLACK EYED PEAS, SHAKIRA & DAVID GUETTA","EPIC","SONY MUSIC"
80,"MI FAI IMPAZZIRE","BLANCO & SFERA EBBASTA","ISLAND","UNIVERSAL MUSIC"
81,"I LOVE YOU BABY","JOVANOTTI & SIXPM","CAPITOL","UNIVERSAL MUSIC"
82,"ANTI-HERO","TAYLOR SWIFT","ISLAND","UNIVERSAL MUSIC"
83,"BABY GODDAMN","TANANAI","CAPITOL","UNIVERSAL MUSIC"
84,"LEI","NEIMA EZZA FEAT. RONDODASOSA","EPIC","SONY MUSIC"
85,"HACE CALOR","KALEB DI MASI, SFERA EBBASTA & RVFV FEAT. OMAR VARELA","WAPEO","INDIPENDENTI"
86,"TI VA DI STARE BENE","ULTIMO","ULTIMO RECORDS","BELIEVE"
87,"TROPICANA","BOOMDABASH & ANNALISA","CAPITOL/WARNER","UNIVERSAL MUSIC"
88,"MI FIDERÒ","MARCO MENGONI FEAT. MADAME","EPIC/SUGAR","SONY MUSIC"
89,"ZEN","PINGUINI TATTICI NUCLEARI","COLUMBIA","SONY MUSIC"
90,"CUFF IT","BEYONCÉ","COLUMBIA","SONY MUSIC"
91,"KILL BILL","SZA","RCA RECORDS LABEL","SONY MUSIC"
92,"UN ALTRO SHOW","SHIVA FEAT. GEOLIER","MILANO OVEST/COLUMBIA","SONY MUSIC"
93,"CELESTIAL","ED SHEERAN","ATLANTIC RECORDS UK","WARNER MUSIC"
94,"DESTRI","GAZZELLE","MACISTE DISCHI / ARTIST FIRST","ARTIST FIRST"
95,"R()T()NDA","THASUP FEAT. TIZIANO FERRO","ARISTA/COLUMBIA","SONY MUSIC"
96,"SENZA RUMORE","LAZZA","ISLAND","UNIVERSAL MUSIC"
97,"SHALLOW","LADY GAGA & BRADLEY COOPER","VIRGIN","UNI"
98,"PARE","GHALI FEAT. MADAME","ATLANTIC","WARNER MUSIC"
99,"LA BACHATA","MANUEL TURIZO","EPIC","SONY MUSIC"
100,"SUPERCLASSICO","ERNIA","ISLAND","UNIVERSAL MUSIC"
101,"NOTTI BLU","ALESSANDRA AMOROSO","EPIC","SONY MUSIC"
102,"CRAZY LOVE","MARRACASH","ISLAND","UNIVERSAL MUSIC"
103,"OVUNQUE SARAI","IRAMA","ATLANTIC","WARNER MUSIC"
104,"CRUDELIA (I NERVI)","MARRACASH","ISLAND","UNIVERSAL MUSIC"
105,"COLD HEART","ELTON JOHN & DUA LIPA","CAPITOL/WARNER","UNIVERSAL MUSIC"
106,"MORTO MAI","LAZZA","ISLAND","UNIVERSAL MUSIC"
107,"SIMPLY THE BEST","BLACK EYED PEAS, ANITTA & EL ALFA","EPIC","SONY MUSIC"
108,"HEAT WAVES","GLASS ANIMALS","CAPITOL","UNIVERSAL MUSIC"
109,"LOVE","MARRACASH & GUÈ","ISLAND","UNIVERSAL MUSIC"
110,"FINCHÉ NON MI SEPPELLISCONO","BLANCO","ISLAND","UNIVERSAL MUSIC"
111,"BAGNO A MEZZANOTTE","ELODIE","ISLAND","UNIVERSAL MUSIC"
112,"BAM BAM","CAMILA CABELLO FEAT. ED SHEERAN","EPIC/WARNER","SONY MUSIC/WARNER MUSIC"
113,"HOLD ON","PINGUINI TATTICI NUCLEARI","COLUMBIA","SONY MUSIC"
114,"SUPERMODEL","MÅNESKIN","EPIC","SONY MUSIC"
115,"MAMMA MIA","SFERA EBBASTA & RVSSIAN","ISLAND","UNIVERSAL MUSIC"
116,"NOTTI IN BIANCO","BLANCO","ISLAND","UNIVERSAL MUSIC"
117,"MOCKINGBIRD","EMINEM","AFTERMATH","UNIVERSAL MUSIC"
118,"BONES","IMAGINE DRAGONS","VIRGIN","UNIVERSAL MUSIC"
119,"SCRIVILE SCEMO","PINGUINI TATTICI NUCLEARI","COLUMBIA","SONY MUSIC"
120,"PROPAGANDA","FABRI FIBRA, COLAPESCE & DIMARTINO","EPIC","SONY MUSIC"
121,"NON LO DIRE A NESSUNO","GAZZELLE","MACISTE DISCHI / ARTIST FIRST","ARTIST FIRST"
122,"ALIBI","LAZZA","ISLAND","UNIVERSAL MUSIC"
123,"PENSAVA","ICY SUBZERO","COLUMBIA","SONY MUSIC"
124,"LUNA PIENA","RKOMI, IRAMA & SHABLO","ISLAND/WARNER","UNIVERSAL MUSIC"
125,"PERFECT","ED SHEERAN","ATLANTIC RECORDS","WARNER MUSIC"
126,"CIAO CIAO","LA RAPPRESENTANTE DI LISTA","WOODWORM/RCA NUMERO UNO ","SONY MUSIC"
127,"BLUE CHEESE","RONDODASOSA & NKO FEAT. LAZZA","REAL MUSIC/ATLANTIC","WARNER MUSIC"
128,"TRIBALE","ELODIE","ISLAND","UNIVERSAL MUSIC"
129,"FERMA A GUARDARE","ERNIA & PINGUINI TATTICI NUCLEARI","ISLAND","UNIVERSAL MUSIC"
130,"ABCDEFU","GAYLE","ATLANTIC","WARNER MUSIC"
131,"SAVE YOUR TEARS","THE WEEKND","ISLAND","UNIVERSAL MUSIC"
132,"BLINDING LIGHTS","THE WEEKND","ISLAND","UNIVERSAL MUSIC"
133,"NUOVO RANGE","RKOMI, SFERA EBBASTA & JUNIOR K","ISLAND","UNIVERSAL MUSIC"
134,"CHE SARÀ","ACHILLE LAURO","ELEKTRA RECORDS ITALY","WARNER MUSIC"
135,"SHARM EL SHEIKH","PAKY","ISLAND","UNIVERSAL MUSIC"
136,"EGO","ICY SUBZERO","COLUMBIA","SONY MUSIC"
137,"LIFT ME UP","RIHANNA","ISLAND","UNIVERSAL MUSIC"
138,"SE LO SENTI LO SAI","JOVANOTTI","CAPITOL","UNIVERSAL MUSIC"
139,"UNTIL I FOUND YOU","STEPHEN SANCHEZ","REPUBLIC RECORDS","UNIVERSAL MUSIC"
140,"SOMEONE YOU LOVED","LEWIS CAPALDI","VIRGIN","UNI"
141,"FORGET ME","LEWIS CAPALDI","VIRGIN","UNIVERSAL MUSIC"
142,"NON PIOVE PIÙ","AKA 7EVEN","COLUMBIA","SONY MUSIC"
143,"MALA","FRED DE PALMA FEAT. JVLI, LAZZA & TONY EFFE","WM ITALY","WARNER MUSIC"
144,"BUONANOTTE","ERNIA","ISLAND","UNIVERSAL MUSIC"
145,"ANGELINA JOLIE","BRESH","EPIC","SONY MUSIC"
146,"INSUPERABILE","RKOMI","ISLAND","UNIVERSAL MUSIC"
147,"OCCHI ROSSI","COEZ","CAROSELLO RECORDS","THE ORCHARD"
148,"RIDERE","PINGUINI TATTICI NUCLEARI","COLUMBIA","SONY MUSIC"
149,"HOLD ME CLOSER","ELTON JOHN & BRITNEY SPEARS","CAPITOL/SONY","UNIVERSAL MUSIC"
150,"CUP","SHIVA","MILANO OVEST/COLUMBIA","SONY MUSIC"
151,"CASA","NEIMA EZZA & NKO","EPIC","SONY MUSIC"
152,"L'ULTIMA NOTTE","ARIETE","BOMBA DISCHI","UNIVERSAL MUSIC"
153,"MICHELLE PFEIFFER","ROSE VILLAIN FEAT. TONY EFFE","COLUMBIA","SONY MUSIC"
154,"BUBBLE","TAKAGI & KETRA FEAT. THASUP & SALMO","COLUMBIA","SONY MUSIC"
155,"HOLD MY HAND","LADY GAGA","VIRGIN","UNIVERSAL MUSIC"
156,"GIORNI CONTATI","NIGHT SKINNY, PAKY & NOYZ NARCOS FEAT. GEOLIER & SHIVA","ISLAND","UNIVERSAL MUSIC"
157,"KUMITE","SALMO","COLUMBIA","SONY MUSIC"
158,"CAOS","FABRI FIBRA, LAZZA & MADAME","EPIC","SONY MUSIC"
159,"WHERE ARE YOU NOW","LOST FREQUENCIES & CALUM SCOTT","EPIC","SONY MUSIC"
160,"TUTTI I MIEI RICORDI","MARCO MENGONI","EPIC","SONY MUSIC"
161,"SURE THING","MIGUEL","JIVE","SONY MUSIC"
162,"C!AO","THASUP FEAT. RONDODASOSA","ARISTA/COLUMBIA","SONY MUSIC"
163,"LA NOTTE DI SAN LORENZO","LUCHÈ","BFM MUSIC","SONY MUSIC"
164,"PUROSANGUE","LUCHÈ FEAT. SHIVA","COLUMBIA","SONY MUSIC"
165,"EASY ON ME","ADELE","COLUMBIA","SONY MUSIC"
166,"IL MIO NOME","ERNIA","ISLAND","UNIVERSAL MUSIC"
167,"BANDITO","MAMBOLOSCO, NARDI & FINESSE","VIRGIN","UNIVERSAL MUSIC"
168,"FINIMONDO","M¥SS KETA","ISLAND","UNIVERSAL MUSIC"
169,"BAD MEMORIES","MEDUZA & JAMES CARTER FEAT. ELLEY DUHÉ & FAST BOY","UNIVERSAL-ISLAND RECORDS LTD.","UNIVERSAL MUSIC"
170,"VIVA LA VIDA","COLDPLAY","PARLOPHONE","WARNER MUSIC"
171,"MALIBÙ","SANGIOVANNI","SUGAR","UNIVERSAL MUSIC"
172,"COME NELLE CANZONI","COEZ","CAROSELLO RECORDS","THE ORCHARD"
173,"PENSANDO A LEI","SHIVA","MILANO OVEST/COLUMBIA","SONY MUSIC"
174,"IL MEGLIO DI TE","BRESH & SHUNE","EPIC","SONY MUSIC"
175,"HOW DO I SAY GOODBYE","DEAN LEWIS","UNIVERSAL MUSIC AUSTRALIA PTY. LTD.","UNIVERSAL MUSIC"
176,"PEPAS","FARRUKO","EPIC","SONY MUSIC"
177,"STAY","THE KID LAROI & JUSTIN BIEBER","COLUMBIA/ISLAND","SONY MUSIC/UNIVERSAL MUSIC"
178,"NON ABBIAMO ETÀ","LUCHÈ","ISLAND","UNIVERSAL MUSIC"
179,"SHIVERS","ED SHEERAN","ATLANTIC RECORDS UK","WARNER MUSIC"
180,"GOLDEN HOUR","JVKE","JVKE","THE ORCHARD"
181,"ME PORTO BONITO","BAD BUNNY & CHENCHO CORLEONE","RIMAS ENTERTAINMENT LLC","THE ORCHARD"
182,"RICH FLEX","DRAKE & 21 SAVAGE","ISLAND","UNIVERSAL MUSIC"
183,"SESSO OCCASIONALE","TANANAI","CAPITOL","UNIVERSAL MUSIC"
184,"SUAVEMENTE","SOOLKING FEAT. BORO BORO","VIRGIN","UNIVERSAL MUSIC"
185,"LA CANZONE NOSTRA","MACE, BLANCO & SALMO","ISLAND/SONY","UNIVERSAL MUSIC"
186,"DIAMANTE","SHIVA","MILANO OVEST/COLUMBIA","SONY MUSIC"
187,"MILLE","FEDEZ, ACHILLE LAURO & ORIETTA BERTI","SONY/WARNER","SONY MUSIC"
188,"LA MUSICA NON C'È","COEZ","UNDAMENTO","INDIPENDENTI"
189,"STARBOY","THE WEEKND FEAT. DAFT PUNK","UNIVERSAL REPUBLIC RECORDS","UNIVERSAL MUSIC"
190,"UNSTOPPABLE","SIA","MONKEY PUZZLE RECORDS/RCA RECORDS","SONY MUSIC"
191,"DOJA","CENTRAL CEE","CENTRAL CEE","WARNER MUSIC"
192,"OCCHI GRANDI GRANDI","FRANCESCA MICHIELIN","COLUMBIA","SONY MUSIC"
193,"BRIVIDO","GUÈ PEQUENO FEAT. MARRACASH","UNIVERSAL MUSIC","UNIVERSAL MUSIC"
194,"T'APPARTENGO","AMBRA","RCA RECORDS LABEL","SONY MUSIC"
195,"NULLA DI","LAZZA","ISLAND","UNIVERSAL MUSIC"
196,"M' MANC","SHABLO, GEOLIER & SFERA EBBASTA","ISLAND","UNIVERSAL MUSIC"
197,"FREED FROM DESIRE","GALA","DO IT YOURSELF","BELIEVE"
198,"CIAO BABY","GEMITAIZ","TANTA ROBA/ISLAND","UNIVERSAL MUSIC"
199,"BAD HABITS","ED SHEERAN","ATLANTIC RECORDS UK","WARNER MUSIC"
200,"GASOLINA","ANNA","VIRGIN","UNIVERSAL MUSIC"
201,"RIPTIDE","VANCE JOY","F-STOP RECORDS","WARNER MUSIC"
202,"DIE FOR YOU","THE WEEKND","UME - GLOBAL CLEARING HOUSE","UNIVERSAL MUSIC"
203,"L'ULTIMA VOLTA","PINGUINI TATTICI NUCLEARI","COLUMBIA","SONY MUSIC"
204,"UNDER THE INFLUENCE","CHRIS BROWN","RCA RECORDS LABEL","SONY MUSIC"
205,"ALWAYS REMEMBER US THIS WAY","LADY GAGA","VIRGIN","UNIVERSAL MUSIC"
206,"RUNNING UP THAT HILL (A DEAL WITH GOD)","KATE BUSH","NOBLE & BRITE","WARNER MUSIC"
207,"DUBBI","MARRACASH","ISLAND","UNIVERSAL MUSIC"
208,"VUOTO DENTRO","SICK LUKE, MARA SATTEI & BRESH","CAROSELLO RECORDS","UNIVERSAL MUSIC"
209,"ENEMY","IMAGINE DRAGONS, JID & LEAGUE OF LEGENDS","VIRGIN","UNIVERSAL MUSIC"
210,"CICATRICI","SHIVA FEAT. TEDUA","MILANO OVEST/COLUMBIA","SONY MUSIC"
211,"BANG BANG","SFERA EBBASTA","ISLAND / DEFJAM RECORDINGS","UNIVERSAL MUSIC"
212,"CAN'T HOLD US","MACKLEMORE & RYAN LEWIS FEAT. RAY DALTON","MACKLEMORE","WARNER MUSIC"
213,"LAMETTE","ROSE VILLAIN FEAT. SALMO","COLUMBIA","SONY MUSIC"
214,"MARGHERITA","COEZ","CAROSELLO RECORDS","THE ORCHARD"
215,"CONTRO IL MONDO","BAUSTELLE","BMG RIGHTS MGMT ITALY S.R.L.","WARNER MUSIC"
216,"NIENTE DA PERDERE","SHIVA","COLUMBIA","SONY MUSIC"
217,"BOTTIGLIE PRIVÈ","SFERA EBBASTA","ISLAND","UNIVERSAL MUSIC"
218,"AUTO TEDESCA","PAKY","ISLAND","UNIVERSAL MUSIC"
219,"SWEATER WEATHER","THE NEIGHBOURHOOD","COLUMBIA","SONY MUSIC"
220,"NO STRESS","MARCO MENGONI","EPIC","SONY MUSIC"
221,"LONTANISSIMA","DRAST","UNIVERSAL MUSIC ITALIA SRL.","UNIVERSAL MUSIC"
222,"BEGGIN'","MÅNESKIN","EPIC","SONY MUSIC"
223,"IL CIELO NELLA STANZA","SALMO FEAT. NSTASIA","EPIC","SME"
224,"TU MI HAI CAPITO","MADAME FEAT. SFERA EBBASTA","SUGAR/ISLAND","UNIVERSAL MUSIC"
225,"EVERY BREATH YOU TAKE","THE POLICE","POLYDOR ASSOCIATED LABELS","UNIVERSAL MUSIC"
226,"ABOUT DAMN TIME","LIZZO","ATLANTIC RECORDS","WARNER MUSIC"
227,"NON FARE COSÌ","CAPO PLAZA","PLAZA MUSIC/ATLANTIC /WM ITALY","WARNER MUSIC"
228,"NEMESI","MARRACASH & BLANCO","ISLAND","UNIVERSAL MUSIC"
229,"A' VITA SENZ' E TE (ME FA PAURA)","ROCCO HUNT","EPIC","SONY MUSIC"
230,"SOGNI D'ORO","LAZZA","ISLAND","UNIVERSAL MUSIC"
231,"SHARKS","IMAGINE DRAGONS","VIRGIN","UNIVERSAL MUSIC"
232,"SE$$O","BEATRICE QUINTA","SONY MUSIC","SONY MUSIC"
233,"OJITOS LINDOS","BAD BUNNY & BOMBA ESTÉREO","RIMAS ENTERTAINMENT LLC","THE ORCHARD"
234,"2 BE LOVED (AM I READY)","LIZZO","NICE LIFE/ATLANTIC","WARNER MUSIC"
235,"10:35","TIËSTO & TATE MCRAE","ATLANTIC RECORDS","WARNER MUSIC"
236,"MI @MI O È F@KE","THASUP","ARISTA/COLUMBIA","SONY MUSIC"
237,"CRAZY WHAT LOVE CAN DO","DAVID GUETTA, BECKY HILL & ELLA HENDERSON","PARLOPHONE UK","WARNER MUSIC"
238,"PISTOLE NELLA FENDI","NIKO PANDETTA, TEMPOXSO & JANAX","N.P. PRODUCTION","ADA"
239,"FEDELE AL QUARTIERE","NEIMA EZZA & 2ND ROOF FEAT. VALE PAIN","EPIC","SONY MUSIC"
240,"PARTIRE DA TE","RKOMI","ISLAND","UNIVERSAL MUSIC"
241,"PAMPAMPAMPAMPAMPAMPAMPAM","IRAMA","ATLANTIC/WM ITALY","WARNER MUSIC"
242,"MARGOT","ASCANIO","DMB MANAGMENT","SONY MUSIC"
243,"LA NUOVA STELLA DI BROADWAY","CESARE CREMONINI","VIRGIN","UNIVERSAL MUSIC"
244,"SOLDI PULITI","SHIVA","MILANO OVEST/COLUMBIA","SONY MUSIC"
245,"BAD HABIT","STEVE LACY","RCA RECORDS LABEL","SONY MUSIC"
246,"LE LUCI DELLA CITTÀ","COEZ","UNDAMENTO","INDIPENDENTI"
247,"PICCOLA STELLA","ULTIMO","HONIRO","BELIEVE"
248,"GLIMPSE OF US","JOJI","88RISING MUSIC/WARNER RECORDS","WARNER MUSIC"
249,"STAGE DIVING","PINGUINI TATTICI NUCLEARI","COLUMBIA","SONY MUSIC"
250,"UNA NOCHE EN MEDELLÍN","CRIS MJ","NABRU RECORDS LLC","THE ORCHARD"
251,"I WANNA BE YOURS","ARCTIC MONKEYS","DOMINO RECORDING CO LTD","GOODTOGO"
252,"DÁKITI","BAD BUNNY & JHAY CORTEZ","RIMAS ENTERTAINMENT LLC","THE ORCHARD"
253,"TAKE ME TO CHURCH","HOZIER","ISLAND","UNIVERSAL MUSIC"
254,"I WANNA BE YOUR SLAVE","MÅNESKIN","EPIC","SONY MUSIC"
255,"I'M NOT THE ONLY ONE","SAM SMITH","CAPITOL","UNIVERSAL MUSIC"
256,"HULA-HOOP","CARL BRAVE & NOEMI","COLUMBIA/ISLAND","SONY MUSIC"
257,"SUPERHERO (HEROES & VILLAINS)","METRO BOOMIN, FUTURE & CHRIS BROWN","REPUBLIC RECORDS","UNIVERSAL MUSIC"
258,"O FORSE SEI TU","ELISA","ISLAND","UNIVERSAL MUSIC"
259,"SOLITE PARE","SICK LUKE, THA SUPREME & SFERA EBBASTA","CAROSELLO RECORDS","UNIVERSAL MUSIC"
260,"DEMONS","IMAGINE DRAGONS","KID INA KORNER / INTERSCOPE","UNIVERSAL MUSIC"
261,"SCOOBY DOO","PINGUINI TATTICI NUCLEARI","COLUMBIA","SONY MUSIC"
262,"NINNA NANNA DEL CHICCO DI CAFFÈ","ALLOCCAS KIDS CHOIR","BABY CLUB","A1 ENTERTAINMENT"
263,"DA SOLO","VEGAS JONES, NITRO & NAYT","EPIC","SONY MUSIC"
264,"UNA DIREZIONE GIUSTA","YUNGEST MOONSTAR, NEFFA & THASUP","COLUMBIA","SONY MUSIC"
265,"TRAFFICANTE","NÉZA","FLEXIN GENERATION SRLS","SONY MUSIC"
266,"DOMANI TORNO","AIELLO","COLUMBIA","SONY MUSIC"
267,"BELLY DANCER","IMANBEK & BYOR","MUSICAL FREEDOM","WARNER MUSIC"
268,"VELENO","GUÈ","ISLAND","UNIVERSAL MUSIC"
269,"DENTISTA CROAZIA","PINGUINI TATTICI NUCLEARI","COLUMBIA","SONY MUSIC"
270,"MONOTONÍA","SHAKIRA & OZUNA","EPIC","SONY MUSIC"
271,"TIK TOK","SFERA EBBASTA, MARRACASH & GUÈ PEQUENO","ISLAND","UNIVERSAL MUSIC"
272,"MALEDETTA PRIMAVERA","LORETTA GOGGI","WM ITALY","WARNER MUSIC"
273,"ROZZI","PAKY","BRIOCHE EDIZIONI MUSICALI","BELIEVE"
274,"SOMEWHERE ONLY WE KNOW","KEANE","UME - GLOBAL CLEARING HOUSE","UNIVERSAL MUSIC"
275,"SOMEONE LIKE YOU","ADELE","XL RECORDINGS","BEGGARS GROUP"
276,"BELIEVER","IMAGINE DRAGONS","UME - GLOBAL CLEARING HOUSE","UNIVERSAL MUSIC"
277,"WITHOUT ME","EMINEM","AFTERMATH","UNIVERSAL MUSIC"
278,"THUNDER","GABRY PONTE, LUM!X & PREZIOSO","GEKAI","WARNER MUSIC"
279,"NON È EASY","SHIVA","MILANO OVEST/COLUMBIA","SONY MUSIC"
280,"PIANETI","ULTIMO","HONIRO","BELIEVE"
281,"SUI MURI","PSICOLOGI","BOMBA DISCHI","UNIVERSAL MUSIC"
282,"5 MINUTI","ALFA","ARTIST FIRST","ARTIST FIRST"
283,"ZITTI E BUONI","MÅNESKIN","EPIC","SONY MUSIC"
284,"SENZA DI ME","GEMITAIZ FEAT. VENERUS & FRANCO 126","TANTA ROBA LABEL","UNI"
285,"CHIC","IZI","EPIC","SONY MUSIC"
286,"COUNTING STARS","ONEREPUBLIC","UME - GLOBAL CLEARING HOUSE","UNIVERSAL MUSIC"
287,"CATRAME","LAZZA FEAT. TEDUA","ISLAND","UNI"
288,"MEMORIES","MAROON 5","VIRGIN","UNIVERSAL MUSIC"
289,"BARFLY","PINGUINI TATTICI NUCLEARI","COLUMBIA","SONY MUSIC"
290,"MY UNIVERSE","COLDPLAY & BTS","PARLOPHONE UK","WARNER MUSIC"
291,"TI DEDICO IL SILENZIO","ULTIMO","HONIRO","BELIEVE"
292,"A MANO A MANO","RINO GAETANO","RCA RECORDS LABEL","SONY MUSIC"
293,"TIENATÉ","NU GENEA","NG RECORDS LICENSED TO CAROSELLO RECORDS","THE ORCHARD"
294,"CORALINE","MÅNESKIN","EPIC","SONY MUSIC"
295,"BRAQUAGES","NABI","COLUMBIA","SONY MUSIC"
296,"NIENTE CANZONI D'AMORE","MARRACASH FEAT. FEDERICA ABBATE","UNIVERSAL MUSIC","UNIVERSAL MUSIC"
297,"GUÉ X FUMEZ THE ENGINEER - PLUGGED IN","FUMEZ THE ENGINEER & GUÈ","RELXVANT","AMUSEIO AB"
298,"PLAYA","RONDODASOSA & MILES","REAL MUSIC/ATLANTIC","WARNER MUSIC"
299,"AUDI","SICK LUKE, RHOVE & CAPO PLAZA","CAROSELLO RECORDS","UNIVERSAL MUSIC"
300,"YELLOW","COLDPLAY","PLG","WARNER MUSIC"
301,"RINGO STARR","PINGUINI TATTICI NUCLEARI","SONY MUSIC","SONY MUSIC"
302,"GIVE IT TO ME","MATT SASSARI","CR2 RECORDS","BELIEVE"
303,"NIENTE CANZONI D'AMORE","ELODIE","ISLAND","UNIVERSAL MUSIC"
304,"WONDERWALL","OASIS","HES","SONY MUSIC"
305,"MOTH TO A FLAME","SWEDISH HOUSE MAFIA & THE WEEKND","REPUBLIC RECORDS","UNIVERSAL MUSIC"
306,"CANCELO","RHOVE","VIRGIN","UNIVERSAL MUSIC"
307,"LA VITA SPLENDIDA","TIZIANO FERRO","VIRGIN","UNIVERSAL MUSIC"
308,"IL BACIO DI KLIMT","EMANUELE ALOIA","SUNFLOWER","ARTIST FIRST"
309,"L'ECCEZIONE","MADAME","SUGAR","UNIVERSAL MUSIC"
310,"PHOTOGRAPH","ED SHEERAN","ATLANTIC RECORDS UK","WARNER MUSIC"
311,"LEI","BABY GANG FEAT. BENÉ","ATLANTIC/WM ITALY","WARNER MUSIC"
312,"HERE WITH ME","D4VD","DARKROOM/INTERSCOPE RECORDS","UNIVERSAL MUSIC"
313,"GHOSTS (HOW CAN I MOVE ON) (FEAT. ELISA)","MUSE & MATT BELLAMY FEAT. ELISA","WARNER RECORDS","WARNER MUSIC"
314,"COMPLIQUÈ","RHOVE, SHIVA & GHALI","VIRGIN/COLUMBIA/ ATLANTIC RECORDS","UNIVERSAL MUSIC"
315,"BEFORE YOU GO","LEWIS CAPALDI","VIRGIN","UNIVERSAL MUSIC"
316,"MENTALITÉ","BABY GANG","ATLANTIC/WM ITALY","WARNER MUSIC"
317,"VISIERA A BECCO","SFERA EBBASTA","ISLAND / DEFJAM RECORDINGS","UNIVERSAL MUSIC"
318,"QUELLI COME NOI","TANANAI","CAPITOL","UNIVERSAL MUSIC"
319,"BOHEMIAN RHAPSODY","QUEEN","USM","UNI"
320,"ROLLIE AP","SHIVA FEAT. PYREX & SLINGS","MILANO OVEST/COLUMBIA","SONY MUSIC"
321,"SE PIOVESSE IL TUO NOME","ELISA","ISLAND","UNI"
322,"ONE KISS","CALVIN HARRIS & DUA LIPA","SONY/WARNER","SONY MUSIC"
323,"IRIS","THE GOO GOO DOLLS","WARNER RECORDS","WARNER MUSIC"
324,"TUTTE LE NOTTI","TOMMASO PARADISO","ISLAND","UNIVERSAL MUSIC"
325,"LATE NIGHT TALKING","HARRY STYLES","COLUMBIA","SONY MUSIC"
326,"STANOTTE","TY1, COEZ & MASSIMO PERICOLO","THAURUS","BELIEVE"
327,"BLAUER","PAKY","ISLAND","UNIVERSAL MUSIC"
328,"LAUREA AD HONOREM","MARRACASH & CALCUTTA","ISLAND","UNIVERSAL MUSIC"
329,"SOMETHING JUST LIKE THIS","THE CHAINSMOKERS & COLDPLAY","COLUMBIA/PARLOPHONE","SONY MUSIC/WARNER MUSIC"
330,"SHUT UP MY MOMS CALLING","HOTEL UGLY","HOTEL UGLY","TUNECORE"
331,"SETTIMANA BIANCA","IL PAGANTE","IL PAGANTE","BELIEVE"
332,"PLAQUETTE","NABI","COLUMBIA","SONY MUSIC"
333,"TRAN TRAN","SFERA EBBASTA","ISLAND / DEFJAM RECORDINGS","UNIVERSAL MUSIC"
334,"SUMMERTIME SADNESS","LANA DEL REY","UME - GLOBAL CLEARING HOUSE","UNIVERSAL MUSIC"
335,"STUPIDO","MASSIMO PERICOLO & CROOKERS","EPIC","SONY MUSIC"
336,"ANDREA","BRESH & SHUNE","EPIC","SONY MUSIC"
337,"MARIANELA (QUE PASA)","HUGEL, MERK & KREMONT & LIRICO EN LA CASA","CR2 RECORDS","BELIEVE"
338,"VOGLIA DI VIVERE","ANGELINA MANGO","AMICI 22","THE ORCHARD"
339,"SULTANS OF SWING","DIRE STRAITS","EMI","UNIVERSAL MUSIC"
340,"OSSA ROTTE","RKOMI","ISLAND","UNIVERSAL MUSIC"
341,"RAMENEZ LA COUPE À LA MAISON","VEGEDREAM","UNIVERSAL MUSIC","UNIVERSAL MUSIC"
342,"DON'T STOP ME NOW","QUEEN","USM","UNIVERSAL MUSIC"
343,"LOVE YOURSELF","JUSTIN BIEBER","UNIVERSAL MUSIC","UNIVERSAL MUSIC"
344,"YOUNG AND BEAUTIFUL","LANA DEL REY","VERTIGO BERLIN","UNIVERSAL MUSIC"
345,"È SEMPRE BELLO","COEZ","CAROSELLO RECORDS","THE ORCHARD"
346,"LA JUMPA","ARCÁNGEL & BAD BUNNY","RIMAS ENTERTAINMENT LLC.","THE ORCHARD"
347,"NOTHING IS LOST (YOU GIVE ME STRENGTH)","THE WEEKND","HOLLYWOOD RECORDS","UNIVERSAL MUSIC"
348,"FEDE","PINGUINI TATTICI NUCLEARI","COLUMBIA","SONY MUSIC"
349,"CLAP YOUR HANDS","KUNGS","VIRGIN","UNIVERSAL MUSIC"
350,"50 SPECIAL","LÙNAPOP","UNIVERSAL MUSIC ITALIA SRL.","UNIVERSAL MUSIC"
351,"MUSICA LEGGERISSIMA","COLAPESCE & DIMARTINO","COLUMBIA","SONY MUSIC "
352,"CARIBE","VILLABANKS FEAT. LINCH & BRANDO LUIS","UNIVERSAL MUSIC ITALIA","UNIVERSAL MUSIC"
353,"PARAOCCHI","BLANCO","ISLAND","UNIVERSAL MUSIC"
354,"VERTIGINI","TEDUA & CHRIS NOLAN","SONY MUSIC","SONY MUSIC"
355,"COMPARE","CANCUN, LAZZA & GUÈ","MILANO OVEST/VIRGIN","UNIVERSAL MUSIC"
356,"SMELLS LIKE TEEN SPIRIT","NIRVANA","GEFFEN","UNIVERSAL MUSIC"
357,"EXPERIENCE","LUDOVICO EINAUDI, I VIRTUOSI ITALIANI & DANIEL HOPE","UME - GLOBAL CLEARING HOUSE","UNIVERSAL MUSIC"
358,"L'EMOZIONE NON HA VOCE","ADRIANO CELENTANO","SMI EPC","UNIVERSAL MUSIC"
359,"I WAS NEVER THERE","THE WEEKND FEAT. GESAFFELSTEIN","UNIVERSAL REPUBLIC RECORDS","UNIVERSAL MUSIC"
360,"CICATRICI","ARIETE & MADAME","BOMBA DISCHI","UNIVERSAL MUSIC"
361,"MONEY TIME FREESTYLE","CAPO PLAZA","PLAZA MUSIC/ATLANTIC","WARNER MUSIC"
362,"PLEASANTVILLE","NITRO","EPIC","SONY MUSIC"
363,"QUALCOSA CHE MANCA","ERNIA & RKOMI","ISLAND","UNIVERSAL MUSIC"
364,"BREAK MY SOUL","BEYONCÉ","COLUMBIA","SONY MUSIC"
365,"ALL OF ME","JOHN LEGEND","COLUMBIA","SONY MUSIC"
366,"KARAOKE","BOOMDABASH & ALESSANDRA AMOROSO","CAPITOL","UNIVERSAL MUSIC"
367,"PLAYA DEL INGLÉS","QUEVEDO & MYKE TOWERS","WM SPAIN","WARNER MUSIC"
368,"NINNA NANNA NINNA OH","COCCOLE SONORE","DNA SRL","BELIEVE"
369,"SCALE","NIGHT SKINNY & LUCHÈ","ISLAND","UNIVERSAL MUSIC"
370,"DOVE E QUANDO","BENJI & FEDE","WM ITALY","WARNER MUSIC"
371,"SI, AH","FRAH QUINTALE","UNDAMENTO","FUGA / IIP-DDS"
372,"UN BACIO ALL'IMPROVVISO","ROCCO HUNT & ANA MENA","EPIC","SONY MUSIC"
373,"ROMANTIC HOMICIDE","D4VD","DARKROOM/INTERSCOPE RECORDS","UNIVERSAL MUSIC"
374,"IN THE END","LINKIN PARK","WARNER RECORDS","WARNER MUSIC"
375,"MALE","SFERA EBBASTA","ISLAND","UNIVERSAL MUSIC"
376,"CELLPHONE","SHIVA FEAT. RHOVE & BIANCA COSTA","MILANO OVEST/COLUMBIA","SONY MUSIC"
377,"BTX POSSE","NIGHT SKINNY, FABRI FIBRA & ERNIA FEAT. LAZZA, TONY EFFE, CO","ISLAND","UNIVERSAL MUSIC"
378,"CAMERA 209","ALESSANDRA AMOROSO & DB BOULEVARD","EPIC","SONY MUSIC"
379,"HEY MOR","OZUNA FEAT. FEID","AURA MUSIC CORP.","THE ORCHARD"
380,"DANCE MONKEY","TONES AND I","ELEKTRA (NEK)","WARNER MUSIC"
381,"GOOSEBUMPS","TRAVIS SCOTT FEAT. KENDRICK LAMAR","EPIC/GRAND HUSTLE","SONY MUSIC"
382,"INFINITY","JAYMES YOUNG","PLEASE REWIND/ATLANTIC","WARNER MUSIC"
383,"BEBE","NEIMA EZZA & 2ND ROOF FEAT. BABY GANG","EPIC","SONY MUSIC"
384,"GATO DE NOCHE","ÑENGO FLOW & BAD BUNNY","RIMAS ENTERTAINMENT LLC","THE ORCHARD"
385,"RITMO","RAFFA FL","HOWEDO MUSIC","INDIPENDENTI"
386,"LA FINE","MÅNESKIN","EPIC","SONY MUSIC"
387,"GLI OCCHI","FRAH QUINTALE","UNDAMENTO","FUGA / IIP-DDS"
388,"LOSING MY RELIGION","R.E.M.","CRAFT RECORDINGS","UNIVERSAL MUSIC"
389,"I'M YOURS","JASON MRAZ","ATLANTIC RECORDS","WARNER MUSIC"
390,"CALL OUT MY NAME","THE WEEKND","UNIVERSAL REPUBLIC RECORDS","UNIVERSAL MUSIC"
391,"NUVOLE BIANCHE","LUDOVICO EINAUDI","UME - GLOBAL CLEARING HOUSE","UNIVERSAL MUSIC"
392,"POETICA","CESARE CREMONINI","VIRGIN","UNIVERSAL MUSIC"
393,"BRNBQ","SFERA EBBASTA","ISLAND / DEFJAM RECORDINGS","UNIVERSAL MUSIC"
394,"LINGERIE","TEDUA","UNIVERSAL MUSIC ITALIA","UNIVERSAL MUSIC"
395,"FLUO","SANGIOVANNI","SUGAR","UNIVERSAL MUSIC"
396,"LOSE YOURSELF","EMINEM","AFTERMATH","UNIVERSAL MUSIC"
397,"DIAVOLO","NIGHT SKINNY, GHALI & RKOMI FEAT. TEDUA & BNKR44","ISLAND","UNIVERSAL MUSIC"
398,"STAY WITH ME","SAM SMITH","CAPITOL","UNIVERSAL MUSIC"
399,"INDUSTRY BABY","LIL NAS X & JACK HARLOW","COLUMBIA","SONY MUSIC"
400,"BEL MERCY","JENGI","FFRR","WARNER MUSIC"
401,"AGLIO E OLIO","FULMINACCI FEAT. WILLIE PEYOTE","MACISTE DISCHI","ARTIST FIRST"
402,"TI HO VOLUTO BENE VERAMENTE","MARCO MENGONI","RCA RECORDS LABEL","SONY MUSIC"
403,"JUST DANCE","LADY GAGA FEAT. COLBY O'DONIS","VIRGIN","UNIVERSAL MUSIC"
404,"LA CURA","FRANCO BATTIATO","CAPITOL","UNIVERSAL MUSIC"
405,"A UN PASSO DALLA LUNA","ROCCO HUNT & ANA MENA","EPIC INTERNATIONAL","SONY MUSIC"
406,"WHERE DID YOU GO?","JAX JONES & MNEK","POLYDOR RECORDS","UNIVERSAL MUSIC"
407,"UNA LACRIMA","IRAMA FEAT. SFERA EBBASTA","ATLANTIC","WARNER MUSIC"
408,"BRAVI A CADERE (I POLMONI)","MARRACASH","ISLAND","UNIVERSAL MUSIC"
409,"TE QUIERO","VALE PAIN & NKO","REAL MUSIC/ATLANTIC","WARNER MUSIC"
410,"NATURALE","SHIVA","MILANO OVEST/COLUMBIA","SONY MUSIC"
411,"FIX YOU","COLDPLAY","PARLOPHONE RECORDS LIMITED","WARNER MUSIC"
412,"SHAPE OF YOU","ED SHEERAN","ATLANTIC RECORDS UK","WARNER MUSIC"
413,"SIGUE","BENY JR, MORAD & K Y B","K Y B","ALTAFONTE"
414,"IN THE STARS","BENSON BOONE","WARNER RECORDS","WARNER MUSIC"
415,"DARK HORSE","KATY PERRY FEAT. JUICY J","CAPITOL RECORDS (CAP)","UNIVERSAL MUSIC"
416,"GIUDIZI UNIVERSALI","SAMUELE BERSANI","ARIOLA","SONY MUSIC"
417,"DREAM ON","AEROSMITH","UNIVERSAL MUSIC LTD. (MALAYSIA BRANCH)","UNIVERSAL MUSIC"
418,"NIENTE È PER SEMPRE","FABIO ROVAZZI","UNIVERSAL MUSIC ITALIA SRL.","UNIVERSAL MUSIC"
419,"THERE'S NOTHING HOLDIN' ME BACK","SHAWN MENDES","UME - GLOBAL CLEARING HOUSE","UNIVERSAL MUSIC"
420,"AMICI","MASSIMO PERICOLO","PLUGGERS","INDIPENDENTI"
421,"THE REAL SLIM SHADY","EMINEM","AFTERMATH","UNIVERSAL MUSIC"
422,"SUPERMAN","EMINEM FEAT. DINA RAE","AFTERMATH","UNIVERSAL MUSIC"
423,"LOVE TONIGHT","SHOUSE","HELL BEACH","INGROOVES"
424,"TURISTA PER SEMPRE","WAX (IT)","AMICI 22","THE ORCHARD"
425,"I GOTTA FEELING","THE BLACK EYED PEAS","INTERSCOPE","UNIVERSAL MUSIC"
426,"MARYLEAN","MACHETE, SALMO & NITRO FEAT. MARRACASH","EPIC","SONY MUSIC"
427,"FAI RUMORE","DIODATO","CAROSELLO RECORDS","THE ORCHARD"
428,"COME MAI","MAX PEZZALI & 883","WM ITALY","WARNER MUSIC"
429,"PLAYERS","COI LERAY","UPTOWN / REPUBLIC RECORDS","UNIVERSAL MUSIC"
430,"JUST WANNA ROCK","LIL UZI VERT","GENERATION NOW/ATLANTIC","WARNER MUSIC"
431,"TORNA A CASA","MÅNESKIN","EPIC","SONY MUSIC"
432,"D'IMPROVVISO","LORENZO FRAGOLA","SONY MUSIC","SONY MUSIC"
433,"NIAGARA FALLS (FOOT OR 2)","METRO BOOMIN, TRAVIS SCOTT & 21 SAVAGE","REPUBLIC RECORDS","UNIVERSAL MUSIC"
434,"HOLA (I SAY)","MARCO MENGONI FEAT. TOM WALKER","RCA RECORDS LABEL","SME"
435,"MI MANCHI","PAKY","ISLAND","UNIVERSAL MUSIC"
436,"GIGOLÒ","LAZZA & SFERA EBBASTA FEAT. CAPO PLAZA","ISLAND","UNIVERSAL MUSIC"
437,"LEVITATING","DUA LIPA","WARNER RECORDS","WARNER MUSIC"
438,"THUNDERSTRUCK","AC/DC","SONY MUSIC","SONY MUSIC"
439,"WAKE ME UP","AVICII","PM:AM RECORDINGS","UNIVERSAL MUSIC"
440,"TOO MANY NIGHTS","METRO BOOMIN & FUTURE FEAT. DON TOLIVER","REPUBLIC RECORDS","UNIVERSAL MUSIC"
441,"GANGSTA'S PARADISE","COOLIO FEAT. L.V.","TOMMY BOY MUSIC, LLC","WARNER MUSIC"
442,"NON SEI TU","GAZZELLE","MACISTE DISCHI","ARTIST FIRST"
443,"AMORE DISPERATO","NADA","EMI MARKETING","UNIVERSAL MUSIC"
444,"ZOMBIE","THE CRANBERRIES","UME - GLOBAL CLEARING HOUSE","UNIVERSAL MUSIC"
445,"LA BEFANA VIEN DI NOTTE","LUCILLA & LA BRIGATA CANTERINA","ALMAN KIDS","BELIEVE"
446,"BOLERO","BABY K FEAT. MIKA","COLUMBIA","SONY MUSIC"
447,"PARADO NO BAILÃO","MC L DA VINTE & MC GURY","VIDISCO","THE ORCHARD"
448,"DO I WANNA KNOW?","ARCTIC MONKEYS","DOMINO RECORDING CO LTD","GOODTOGO"
449,"21 REASONS","NATHAN DAWE FEAT. ELLA HENDERSON","ATLANTIC RECORDS UK","WARNER MUSIC"
450,"SLATT","RONDODASOSA FEAT. CAPO PLAZA","WM ITALY","WARNER MUSIC"
451,"PER AVERTI","PYREX & RKOMI","VIRGIN/ISLAND","UNIVERSAL MUSIC"
452,"3 STICK FREESTYLE","SHIVA","MILANO OVEST/COLUMBIA","SONY MUSIC"
453,"TORADOL","GEMITAIZ","TANTA ROBA LABEL","UNIVERSAL MUSIC"
454,"TESLA","CAPO PLAZA FEAT. SFERA EBBASTA & DREFGOLD","PLAZA MUSIC/STO RECORDS/ATLANTIC","WARNER MUSIC"
455,"TITANIUM","DAVID GUETTA FEAT. SIA","PARLOPHONE (FRANCE)","WARNER MUSIC"
456,"BLU CELESTE","BLANCO","ISLAND","UNIVERSAL MUSIC"
457,"BELLA","ERNIA","UNIVERSAL MUSIC ITALIA SRL.","UNIVERSAL MUSIC"
458,"BISOUS","MEDY & TIMONGOTHEKEYS","COLUMBIA","SONY MUSIC"
459,"TUTTECOSE","GAZZELLE & MARA SATTEI","MACISTE DISCHI / ARTIST FIRST","ARTIST FIRST"
460,"PASSWORD","LUCHÈ","BFM MUSIC","SONY MUSIC"
461,"MIDDLE OF THE NIGHT","ELLEY DUHÉ","RCA RECORDS LABEL","SONY MUSIC"
462,"LA ZONE","RHOVE FEAT. SHIVA","UNIVERSAL MUSIC ITALIA SRL.","UNIVERSAL MUSIC"
463,"WORLD, HOLD ON","BOB SINCLAR FEAT. STEVE EDWARDS","YELLOW PRODUCTIONS","BELIEVE"
464,"THE MOTTO","TIËSTO & AVA MAX","ATLANTIC RECORDS","WARNER MUSIC"
465,"OUV3RTURE","LAZZA","ISLAND","UNIVERSAL MUSIC"
466,"IN THE DARK","PURPLE DISCO MACHINE & SOPHIE AND THE GIANTS","COLUMBIA","SONY MUSIC"
467,"MILANO DEMONS","SHIVA","MILANO OVEST/COLUMBIA","SONY MUSIC"
468,"LOCO","JUSTIN QUILES, CHIMBALA & ZION & LENNOX","WEA LATINA","WARNER MUSIC"
469,"PARTENOPE","LIBERATO","LIBERATO","INDIPENDENTI"
470,"GUCCI FALSA","SILENT BOB & SICK BUDD","BULLZ RECORDS","BELIEVE"
471,"THICK","SLINGS","SONY MUSIC","SONY MUSIC"
472,"PUNTO G","QUEVEDO","QUEVEDO","WARNER MUSIC"
473,"LET HER GO","PASSENGER","EMBASSY OF MUSIC","SONY MUSIC"
474,"BABY SHARK","PINKFONG","PINKFONG","THE ORCHARD"
475,"CREEP","RADIOHEAD","XL RECORDINGS","WARNER MUSIC"
476,"ALBACHIARA","VASCO ROSSI","RICORDI","SONY MUSIC"
477,"SAY YOU WON'T LET GO","JAMES ARTHUR","SONY MUSIC","SONY MUSIC"
478,"LA NOTTE","ARISA","WMI ITALY","WARNER MUSIC"
479,"A TE","JOVANOTTI","UNIVERSAL MUSIC ITALIA SRL.","UNIVERSAL MUSIC"
480,"ALCOOL & ACQUA","BRESH, PSICOLOGI & SHUNE","EPIC","SONY MUSIC"
481,"MELTING POP","PINGUINI TATTICI NUCLEARI","COLUMBIA","SONY MUSIC"
482,"WHEN I WAS YOUR MAN","BRUNO MARS","ATLANTIC RECORDS","WARNER MUSIC"
483,"BILLIE JEAN","MICHAEL JACKSON","EPC","SONY MUSIC"
484,"COMPLETAMENTE","THEGIORNALISTI","CAROSELLO RECORDS","ARTIST FIRST"
485,"CINEMA","LAZZA","ISLAND","UNIVERSAL MUSIC"
486,"ME REHÚSO","DANNY OCEAN","ATLANTIC RECORDS","WARNER MUSIC"
487,"BAD ROMANCE","LADY GAGA","INTERSCOPE","UNIVERSAL MUSIC"
488,"2%","GUÈ PEQUENO FEAT. FRAH QUINTALE","ISLAND/DEF JAM","UNI"
489,"LOVELY","BILLIE EILISH & KHALID","DARKROOM","UNIVERSAL MUSIC"
490,"ONE DANCE","DRAKE FEAT. WIZKID & KYLA","MOTOWN","UNIVERSAL MUSIC"
491,"BUONGIORNO VITA","ULTIMO","ULTIMO RECORDS","BELIEVE"
492,"DON'T START NOW","DUA LIPA","WARNER UK","WARNER MUSIC"
493,"LA STORIA INFINITA","PINGUINI TATTICI NUCLEARI","RCA RECORDS LABEL","SONY MUSIC"
494,"METAMORPHOSIS","INTERWORLD","INTERWORLD","THE ORCHARD"
495,"MEMORIES","DAVID GUETTA FEAT. KID CUDI","PARLOPHONE (FRANCE)","WARNER MUSIC"
496,"LA PIÙ BELLA","MECNA & COCO","VIRGIN","UNIVERSAL MUSIC"
497,"BAIANÁ","BAKERMAT","BE YOURSELF MUSIC","SONY MUSIC"
498,"PAYPHONE","MAROON 5 FEAT. WIZ KHALIFA","INTERSCOPE RECORDS*","UNIVERSAL MUSIC"
499,"ANOTHER ONE BITES THE DUST","QUEEN VS. THE MIAMI PROJECT","PARLOPHONE UK","WARNER MUSIC"
500,"PALLA AL CENTRO","ELISA & JOVANOTTI","UNIVERSAL MUSIC ITALIA SRL.","UNIVERSAL MUSIC"
501,"EYE OF THE TIGER","SURVIVOR","VOLCANO","SONY MUSIC"
502,"LA FAMA","ROSALÍA FEAT. THE WEEKND","COLUMBIA","SONY MUSIC"
503,"LE PIETRE NON VOLANO","LUCHÈ FEAT. MARRACASH","BFM MUSIC","SONY MUSIC"
504,"AFRAID TO FEEL","LF SYSTEM","WARNER RECORDS","WARNER MUSIC"
505,"THE SCIENTIST","COLDPLAY","PLG","WARNER MUSIC"
506,"NO WALLET","PAKY & MARRACASH","ISLAND","UNIVERSAL MUSIC"
507,"IO","MARRACASH","ISLAND","UNIVERSAL MUSIC"
508,"WORTH NOTHING","TWISTED","ARTIST PARTNER GROUP – FF10","UNIVERSAL MUSIC"
509,"HOTEL LOBBY (UNC AND PHEW)","QUAVO & TAKEOFF","QUALITY CONTROL MUSIC/MOTOWN RECORDS","UNIVERSAL MUSIC"
510,"POINTLESS","LEWIS CAPALDI","VERTIGO BERLIN","UNIVERSAL MUSIC"
511,"SOLDI IN NERO","SHIVA & SFERA EBBASTA","JIVE/ISLAND","SONY MUSIC"
512,"STITCHES","SHAWN MENDES","ISLAND","UNIVERSAL MUSIC"
513,"FORTUNA","GHALI","STO RECORDS/ATLANTIC","WARNER MUSIC"
514,"SWEET CHILD O' MINE","GUNS N' ROSES","GUNS N ROSES P&D","UNIVERSAL MUSIC"
515,"RICCHI X SEMPRE","SFERA EBBASTA","DEF JAM RECORDINGS/ISLAND","UNIVERSAL MUSIC"
516,"PROMETTO","NIGHT SKINNY FEAT. RKOMI & LUCHÈ","ISLAND","UNIVERSAL MUSIC"
517,"2STEP","ED SHEERAN FEAT.ULTIMO","ATLANTIC RECORDS","WARNER MUSIC"
518,"VITA SBAGLIATA","PAKY","ISLAND","UNIVERSAL MUSIC"
519,"COPACABANA","RHOVE","VIRGIN","UNIVERSAL MUSIC"
520,"CHIASSO","RANDOM & ZENIT","MY OWN FAMILY & VISORY RECORDS","BELIEVE"
521,"HAPPIER THAN EVER","BILLIE EILISH","VIRGIN","UNIVERSAL MUSIC"
522,"NOBODY GETS ME","SZA","RCA RECORDS LABEL","SONY MUSIC"
523,"BAD GUY","BILLIE EILISH & JUSTIN BIEBER","VIRGIN","UNI"
524,"THE NIGHTS","AVICII","PM:AM RECORDINGS","UNIVERSAL MUSIC"
525,"SEÑORITA","SHAWN MENDES & CAMILA CABELLO","ISLAND / SONY","UNIVERSAL MUSIC"
526,"MI CHIAMAVA","DIEGO LAZZARI","11:11","PK INTERACTIVE / DISTROKID"
527,"SUNROOF","NICKY YOURE & DAZY","COLUMBIA","SONY MUSIC"
528,"TILL I COLLAPSE","EMINEM","AFTERMATH","UNIVERSAL MUSIC"
529,"TI VOLEVO DEDICARE","ROCCO HUNT FEAT. J-AX & BOOMDABASH","COLUMBIA","SONY MUSIC"
530,"BLITZ!","GUÈ & GEOLIER","ISLAND","UNIVERSAL MUSIC"
531,"MURDER IN MY MIND","KORDHELL","KORDHELL","THE ORCHARD"
532,"VOGL SUL A TE","GEOLIER","ISLAND","UNIVERSAL MUSIC"
533,"ROCK & ROLLA","THASUP FEAT. RKOMI","ARISTA/COLUMBIA","SONY MUSIC"
534,"DO IT TO IT","ACRAZE FEAT. CHERISH","VIRGIN","UNIVERSAL MUSIC"
535,"NORMALE","GIORGIA","MICROPHONICA S.R.L.","SONY MUSIC"
536,"VITA SPERICOLATA","VASCO ROSSI","EMI","UNIVERSAL MUSIC"
537,"BABY","SFERA EBBASTA & J. BALVIN","ISLAND","UNIVERSAL MUSIC"
538,"WAKA WAKA (THIS TIME FOR AFRICA)","SHAKIRA FEAT. FRESHLYGROUND","EPIC","SONY MUSIC"
539,"PIANGO SULLA LAMBO","GUÈ & ROSE VILLAIN","ISLAND","UNIVERSAL MUSIC"
540,"DEATH BED","POWFU FEAT. BEABADOOBEE","COLUMBIA","SONY MUSIC"
541,"NON È COSÌ MALE","SANTI FRANCESI","SONY MUSIC","SONY MUSIC"
542,"IN DA CLUB","50 CENT","AFTERMATH/SHADY","UNIVERSAL MUSIC"
543,"PER DIMENTICARE","ZERO ASSOLUTO","R.T.I.","BELIEVE DIGITAL / MADE IN ETALY"
544,"BAILA BAILA BAILA","OZUNA","VP RECORDS CORP/DIMELO VI","THE ORCHARD"
545,"A SKY FULL OF STARS","COLDPLAY","PARLOPHONE","WARNER MUSIC"
546,"CENA DI CLASSE","PINGUINI TATTICI NUCLEARI","COLUMBIA","SONY MUSIC"
547,"3 DI CUORI","ANNA & LAZZA","VIRGIN","UNIVERSAL MUSIC"
548,"TAKE ON ME","A-HA","RHINO","WARNER MUSIC"
549,"YONAGUNI","BAD BUNNY","RIMAS ENTERTAINMENT LLC","THE ORCHARD"
550,"UNIVERSALE","AARON","ORANGLE RECORDS","INGROOVES"
551,"CUPIDO","SFERA EBBASTA FEAT. QUAVO","DEF JAM RECORDINGS/ISLAND","UNIVERSAL MUSIC"
552,"POKER FACE","LADY GAGA","INTERSCOPE","UNIVERSAL MUSIC"
553,"TORNA DA ME","LUCHÈ","UNIVERSAL MUSIC ITALIA SRL.","UNIVERSAL MUSIC"
554,"SEMPRE IN DUE","CARL BRAVE X FRANCO 126","ISLAND","UNIVERSAL MUSIC"
555,"TE BOTÉ","NIO GARCIA, DARELL & CASPER MAGICO","FLOW LA MOVIE","THE ORCHARD"
556,"WATERMELON SUGAR","HARRY STYLES","COLUMBIA","SONY MUSIC"
557,"8 MILIARDI DI PERSONE","FRAH QUINTALE","UNDAMENTO","FUGA / IIP-DDS"
558,"DAVIDE","GEMITAIZ FEAT. COEZ","TANTA ROBA LABEL","UNI"
559,"TRAVESURAS","SLF, MV KILLA & YUNG SNAPP FEAT. LELE BLADE & VALE LAMBO","COLUMBIA","SONY MUSIC"
560,"I WANT IT THAT WAY","BACKSTREET BOYS","JIVE","SONY MUSIC"
561,"HOTEL CALIFORNIA","EAGLES","ELEKTRA RECORDS","WARNER MUSIC"
562,"FONTANA","GIO EVAN","UNIVERSAL MUSIC ITALIA SRL.","UNIVERSAL MUSIC"
563,"LIFESTYLE","GUÈ PEQUENO & DJ HARSH","ISLAND","UNIVERSAL MUSIC"
564,"SPIT IN MY FACE!","THXSOMCH","ELEKTRA (NEK)","WARNER MUSIC"
565,"STAYIN' ALIVE","BEE GEES","BEE GEES CATALOG","UNIVERSAL MUSIC"
566,"THATS WHAT I WANT","LIL NAS X","COLUMBIA","SONY MUSIC"
567,"EMPIRE STATE OF MIND","JAY-Z FEAT. ALICIA KEYS","ROC NATION","WARNER MUSIC"
568,"HYPNOTIZED","PURPLE DISCO MACHINE & SOPHIE AND THE GIANTS","COLUMBIA","SONY MUSIC"
569,"10 RAGAZZE","RKOMI, ERNIA & MACE","ISLAND","UNIVERSAL MUSIC"
570,"CH1 5EI TE","THASUP","EPIC","SONY MUSIC"
571,"OKK@PP@","THASUP","ARISTA/COLUMBIA","SONY MUSIC"
572,"SUPER FREAKY GIRL","NICKI MINAJ","REPUBLIC RECORDS","UNIVERSAL MUSIC"
573,"MADAME (L'ANIMA)","MARRACASH & MADAME","ISLAND","UNIVERSAL MUSIC"
574,"THE HILLS","THE WEEKND","REPUBLIC","UNIVERSAL MUSIC"
575,"64 BARRE DI PAURA","MARRACASH & MARZ","ISLAND","UNIVERSAL MUSIC"
576,"FANTASMA","PSICOLOGI","BOMBA DISCHI","UNIVERSAL MUSIC"
577,"JERUSALEMA","MASTER KG FEAT. BURNA BOY & NOMCEBO ZIKODE","OPEN MIC PRODUCTIONS","WARNER MUSIC"
578,"ROLLING IN THE DEEP","ADELE","XL RECORDINGS","BEGGARS GROUP"
579,"IL MIO CANTO LIBERO","LUCIO BATTISTI","NUMERO UNO","SONY MUSIC"
580,"MILLION DOLLAR BABY","AVA MAX","ATLANTIC RECORDS","WARNER MUSIC"
581,"DOPPIO HUBLOT","NIGHT SKINNY, GUÈ & BABY GANG","ISLAND","UNIVERSAL MUSIC"
582,"FRIDAY","RITON & NIGHTCRAWLERS FEAT. MUFASA & HYPEMAN","COLUMBIA INTERNATIONAL","SONY MUSIC "
583,"UNA VOLTA ANCORA","FRED DE PALMA FEAT. ANA MENA","WM ITALY","WARNER MUSIC"
584,"VEDOVA NERA","SILENT BOB & SICK BUDD","BULLZ RECORDS","BELIEVE"
585,"SERPENTI A SONAGLI","SFERA EBBASTA","DEF JAM RECORDINGS/ISLAND","UNIVERSAL MUSIC"
586,"NUMB","LINKIN PARK","WARNER RECORDS","WARNER MUSIC"
587,"STAR","LUCHÈ","UNIVERSAL MUSIC ITALIA SRL.","UNIVERSAL MUSIC"
588,"UHLALA","SFERA EBBASTA","ISLAND","UNIVERSAL MUSIC"
589,"L'AMOUR TOUJOURS","GIGI D'AGOSTINO","ARMADA MUSIC BUNDLES","ZEBRALUTION"
590,"ME SO' MBRIACATO","MANNARINO","LEAVE S.R.L.","UNIVERSAL MUSIC"
591,"RUMBLE","SKRILLEX, FRED AGAIN.. & FLOWDAN","OWSLA/ATLANTIC","WARNER MUSIC"
592,"LO SAI CHE CI PENSO","GEMITAIZ","TANTA ROBA LABEL","UNIVERSAL MUSIC"
593,"I TUOI PARTICOLARI","ULTIMO","HONIRO","BELIEVE"
594,"ADDIO","NIGHT SKINNY, RKOMI & ERNIA FEAT. MAHMOOD & GAZZELLE","ISLAND","UNIVERSAL MUSIC"
595,"ESSERE LIBERI","COEZ","CAROSELLO RECORDS","THE ORCHARD"
596,"TUTTI HANNO PAURA","ERNIA & MARCO MENGONI","ISLAND","UNIVERSAL MUSIC"
597,"L%P","THASUP FEAT. MARA SATTEI","ARISTA/COLUMBIA","SONY MUSIC"
598,"SNOWMAN","SIA","MONKEY PUZZLE/ATLANTIC","WARNER MUSIC"
599,"CHICO","GUÈ PEQUENO, ROSE VILLAIN & LUCHÈ","ISLAND","UNIVERSAL MUSIC"
600,"COME NELLE FAVOLE","VASCO ROSSI","UNIVERSAL MUSIC ITALIA SRL.","UNIVERSAL MUSIC"
601,"MOLECOLE (INTERLUDE)","THASUP","ARISTA/COLUMBIA","SONY MUSIC"
602,"GET LUCKY","DAFT PUNK FEAT. PHARRELL WILLIAMS","COLUMBIA","SONY MUSIC"
603,"FACCIO UN CASINO","COEZ","UNDAMENTO","INDIPENDENTI"
604,"FIAMME NEGLI OCCHI","COMA_COSE","EPIC/ASIAN FAKE","SONY MUSIC"
605,"CERTE NOTTI","LIGABUE","WMI ITALY","WARNER MUSIC"
606,"WITH OR WITHOUT YOU","U2","UMC (UNIVERSAL MUSIC CATALOGUE)","UNIVERSAL MUSIC"
607,"90MIN","SALMO","EPIC","SME"
608,"QUÉDATE","BIZARRAP","DALE PLAY RECORDS","THE ORCHARD"
609,"L'ANNO CHE VERRÀ","LUCIO DALLA","RCA RECORDS LABEL","SONY MUSIC"
610,"SALLY","VASCO ROSSI","EMI","UNIVERSAL MUSIC"
611,"GOD'S PLAN","DRAKE","ISLAND","UNIVERSAL MUSIC"
612,"CHEAP THRILLS","SIA FEAT. SEAN PAUL","RCA INT.","SONY MUSIC"
613,"HO PAURA DI USCIRE 2","MACHETE, SALMO & LAZZA","EPIC","SONY MUSIC"
614,"POCHETTE","GEMITAIZ & NOYZ NARCOS","TANTA ROBA/ISLAND","UNIVERSAL MUSIC"
615,"COSA MI MANCHI A FARE","CALCUTTA","BOMBA DISCHI","SONY MUSIC"
616,"FAKE","NIGHT SKINNY, GEOLIER & LUCHÈ","ISLAND","UNIVERSAL MUSIC"
617,"G","DON PERO","GIAGUARO EMPIRE","BELIEVE"
618,"I LIKE YOU (A HAPPIER SONG)","POST MALONE FEAT. DOJA CAT","MERCURY RECORDS/REPUBLIC RECORDS","UNIVERSAL MUSIC/SONY MUSIC"
619,"ALORS ON DANSE","STROMAE","ISLAND","UNIVERSAL MUSIC"
620,"JIMMY COOKS","DRAKE FEAT. 21 SAVAGE","ISLAND","UNIVERSAL MUSIC"
621,"QUELLO CHE FA MALE","LDA","AMICI 21","THE ORCHARD"
622,"NEI TRENI LA NOTTE","FRAH QUINTALE","N.A.","FUGA / IIP-DDS"
623,"PERDONAMI","2ND ROOF & TOTHEMOON FEAT. NEIMA EZZA","EPIC","SONY MUSIC"
624,"PUNTO 40","RAUW ALEJANDRO & BABY RASTA","EPIC","SONY MUSIC"
625,"COSÌ STUPIDI","ERNIA","ISLAND","UNIVERSAL MUSIC"
626,"ALL I WANT FOR CHRISTMAS IS YOU","MARIAH CAREY","COLUMBIA/LEGACY","SONY MUSIC"
627,"COME MI GUARDI","NIGHT SKINNY, MADAME & COEZ FEAT. BRESH","ISLAND","UNIVERSAL MUSIC"
628,"SENZA PAROLE","VASCO ROSSI","EMI","UNIVERSAL MUSIC"
629,"YOU ARE THE REASON","CALUM SCOTT","CAPITOL","UNIVERSAL MUSIC"
630,"YO NO SÉ","RVFV","NASTU MUSIC","ALTAFONTE NETWORK"
631,"SARÀ PERCHÉ TI AMO","RICCHI E POVERI","FGL","IDOL"
632,"RADIOACTIVE","IMAGINE DRAGONS","KID INA KORNER / INTERSCOPE","UNIVERSAL MUSIC"
633,"FUOCO E BENZINA","EMIS KILLA","CAROSELLO RECORDS","THE ORCHARD"
634,"MEZZ'ORA DI SOLE","BLANCO","ISLAND","UNIVERSAL MUSIC"
635,"MARMELLATA #25","CESARE CREMONINI","UNIVERSAL MUSIC ITALIA SRL.","UNIVERSAL MUSIC"
636,"ITALIANO ANTHEM","SFERA EBBASTA & RVSSIAN","ISLAND","UNIVERSAL MUSIC"
637,"ENJOY THE SILENCE","DEPECHE MODE","VENUSNOTE LTD.","SONY MUSIC"
638,"GLI ANNI","MAX PEZZALI","WM ITALY","WARNER MUSIC"
639,"NISCIUN'","ROCCO HUNT FEAT. GEOLIER","COLUMBIA","SONY MUSIC"
640,"AFTER DARK","MR.KITTY","JUGGERNAUT MUSIC GROUP","THE ORCHARD"
641,"UMBRELLA","RIHANNA FEAT. JAY-Z","DEF JAM RECORDINGS","UNIVERSAL MUSIC"
642,"LOVE NWANTITI (AH AH AH)","CKAY","WM SOUTH AFRICA","WARNER MUSIC"
643,"LA PIOGGIA ALLA DOMENICA","VASCO ROSSI","VIRGIN","UNIVERSAL MUSIC"
644,"SOMEBODY THAT I USED TO KNOW","GOTYE FEAT. KIMBRA","UNIVERSAL-ISLAND RECORDS LTD.","UNIVERSAL MUSIC"
645,"LEAVE A LIGHT ON","TOM WALKER","RCA RECORDS LABEL","SONY MUSIC"
646,"TI AMO","LUCHÈ","UNIVERSAL MUSIC ITALIA SRL.","UNIVERSAL MUSIC"
647,"SILENZIO","GEMITAIZ & MACE","TANTA ROBA/ISLAND","UNIVERSAL MUSIC"
648,"MARMELLATA","NIGHT SKINNY, RKOMI & PYREX FEAT. VILLABANKS & CARL BRAVE","ISLAND","UNIVERSAL MUSIC"
649,"SET FIRE TO THE RAIN","ADELE","XL RECORDINGS","INDIPENDENTI"
650,"RIMMEL","FRANCESCO DE GREGORI","RCA RECORDS LABEL","SONY MUSIC"
651,"SENZ E ME","GEOLIER","ISLAND","UNIVERSAL MUSIC"
652,"UNO SQUILLO","CAPO PLAZA","WM ITALY","WARNER MUSIC"
653,"505","ARCTIC MONKEYS","COQUEIRO VERDE RECORDS","BELIEVE"
654,"MARY ON A CROSS","GHOST","UME - GLOBAL CLEARING HOUSE","UNIVERSAL MUSIC"
655,"MAKUMBA","NOEMI & CARL BRAVE","COLUMBIA/ISLAND","SONY MUSIC"
656,"TÉLÉPHONE","BOOBA & SFERA EBBASTA","ISLAND","UNIVERSAL MUSIC"
657,"SUNFLOWER","POST MALONE & SWAE LEE","ISLAND","UNI"
658,"WE WILL ROCK YOU","QUEEN","USM","UNIVERSAL MUSIC"
659,"NONONO","PINGUINI TATTICI NUCLEARI","SONY MUSIC","SONY MUSIC"
660,"LUNEDI'","SALMO","EPIC","SME"
661,"AFTER HOURS","THE WEEKND","ISLAND","UNIVERSAL MUSIC"
662,"SWEET DREAMS (ARE MADE OF THIS)","EURYTHMICS","RCA RECORDS LABEL","SONY MUSIC"
663,"ROMANCE","FRED DE PALMA & JUSTIN QUILES","WARNER RECORDS","WARNER MUSIC"
664,"RONDINI AL GUINZAGLIO","ULTIMO","HONIRO","UNKNOWN"
665,"ALL BY MYSELF","ALOK, SIGALA & ELLIE GOULDING","COLUMBIA/B1","SONY MUSIC"
666,"LOCKED OUT OF HEAVEN","BRUNO MARS","ATLANTIC RECORDS","WARNER MUSIC"
667,"MOVIMENTO LENTO","ANNALISA FEAT. FEDERICO ROSSI","WM ITALY","WARNER MUSIC"
668,"DEEP DOWN","ALOK, ELLA EYRE & KENNY DOPE FEAT. NEVER DULL","ALOK MUSIC","UNIVERSAL MUSIC"
669,"TIENIMI STANOTTE","LUIGI STRANGIS","21CO","ARTIST FIRST"
670,"MA STASERA","MARCO MENGONI","EPIC","SONY MUSIC"
671,"BASTAVA LA METÀ","ERNIA, GAIA & GUÈ","ISLAND","UNIVERSAL MUSIC"
672,"CHIAMAMI","COMA_COSE","SONY MUSIC","SONY MUSIC"
673,"UNDER PRESSURE","QUEEN & DAVID BOWIE","USM","UNIVERSAL MUSIC"
674,"RAINDROPS (INSANE)","METRO BOOMIN & TRAVIS SCOTT","REPUBLIC RECORDS","UNIVERSAL MUSIC"
675,"OPHELIA","THE LUMINEERS","DECCA","UNIVERSAL MUSIC"
676,"SE FOSSE PER ME","SHIVA","MILANO OVEST/COLUMBIA","SONY MUSIC"
677,"BACK IN BLACK","AC/DC","SONY MUSIC","SONY MUSIC"
678,"STAVO PENSANDO A TE","FABRI FIBRA","UNIVERSAL MUSIC ITALIA SRL.","UNIVERSAL MUSIC"
679,"YO VOY","ZION & LENNOX FEAT. DADDY YANKEE","WHITE LION RECORDS","THE ORCHARD"
680,"LOKERA","RAUW ALEJANDRO, LYANNO & BRRAY","EPIC","SONY MUSIC"
681,"SCOSSA","SANGIOVANNI","SUGAR","UNIVERSAL MUSIC"
682,"NEVER GOING HOME","KUNGS","VIRGIN","UNIVERSAL MUSIC"
683,"MAPS","MAROON 5","A&M","UNIVERSAL MUSIC"
684,"WAY DOWN WE GO","KALEO","ELEKTRA (NEK)","WARNER MUSIC"
685,"DRUGS FROM AMSTERDAM","MAU P","ISLAND RECORDS UK / REPUBLIC RECORDS / V","UNIVERSAL MUSIC"
686,"GOO GOO MUCK","THE CRAMPS","EMI","UNIVERSAL MUSIC"
687,"CIN CIN","ALFA & YANOMI","WANDERLUST SOCIETY","ARTIST FIRST"
688,"R!VA","THASUP FEAT. PINGUINI TATTICI NUCLEARI","ARISTA/COLUMBIA","SONY MUSIC"
689,"ATLANTIS","SEAFRET","SONY MUSIC ENTERTAINMENT","SONY MUSIC"
690,"HIGHWAY TO HELL","AC/DC","SONY MUSIC","SONY MUSIC"
691,"TOPBOY","LAZZA & NOYZ NARCOS","ISLAND","UNIVERSAL MUSIC"
692,"BAD LIAR","IMAGINE DRAGONS","VIRGIN","UNI"
693,"EFECTO","BAD BUNNY","RIMAS ENTERTAINMENT LLC","THE ORCHARD"
694,"CADILLAC","SLF, MV KILLA, GEOLIER & TONY EFFE","COLUMBIA","SONY MUSIC"
695,"MAREA","MADAME","SUGAR","UNIVERSAL MUSIC"
696,"MAMA","GEMITAIZ FEAT. NITRO","TANTA ROBA","UNIVERSAL MUSIC"
697,"PER UN MILIONE","BOOMDABASH","POLYDOR","UNI"
698,"ESTATE","NEGRAMARO","UNIVERSAL MUSIC ITALIA SRL. (SUGAR)","UNIVERSAL MUSIC"
699,"CIRCLES","POST MALONE","ISLAND","UNIVERSAL MUSIC"
700,"RICORDARMI DI SCORDARTI","MIDA & LAX","DINERO","BELIEVE"
701,"WHY'D YOU ONLY CALL ME WHEN YOU'RE HIGH?","ARCTIC MONKEYS","DOMINO RECORDING CO LTD","GOODTOGO"
702,"TCHIKITA","MEDY & TIMONGOTHEKEYS","COLUMBIA","SONY MUSIC"
703,"ME GUSTAS TU","MANU CHAO","MILAN MUSIC","WARNER MUSIC"
704,"B.O.T.A. (BADDEST OF THEM ALL)","ELIZA ROSE & INTERPLANETARY CRIMINAL","WARNER RECORDS","WARNER MUSIC"
705,"NON SONO COOL","PINGUINI TATTICI NUCLEARI","COLUMBIA","SONY MUSIC"
706,"CADO","LDA & ALBE","COLUMBIA","SONY MUSIC"
707,"I'M STILL STANDING","ELTON JOHN","EMI","UNIVERSAL MUSIC"
708,"STAR","PAKY & SHIVA","ISLAND","UNIVERSAL MUSIC"
709,"BALLERINE E GUANTONI","WAX (IT)","AMICI 22","THE ORCHARD"
710,"SURE THING (SPED UP)","SPED UP VIRAL AUDIOS, CREAMY & 11:11 MUSIC GROUP","11:11 MUSIC GROUP","ROUTENOTE"
711,"ANCHE FRAGILE","ELISA","ISLAND","UNI"
712,"MUSIC FOR A SUSHI RESTAURANT","HARRY STYLES","COLUMBIA","SONY MUSIC"
713,"SOPRA","GAZZELLE","MACISTE DISCHI","ARTIST FIRST"
714,"GIMME! GIMME! GIMME! (A MAN AFTER MIDNIGHT)","ABBA","POLAR MUSIC INTERNATIONAL AB","UNIVERSAL MUSIC"
715,"PROVENZA","KAROL G","UMLE - LATINO","UNIVERSAL MUSIC"
716,"SUPREME (L'EGO)","MARRACASH, THASUP & SFERA EBBASTA","ISLAND","UNIVERSAL MUSIC"
717,"MALA","6IX9INE FEAT. ANUEL AA","SCUMGANG","INDIPENDENTI"
718,"TOKYO","RONDODASOSA & NKO","REAL MUSIC/ATLANTIC","WARNER MUSIC"
719,"FUERA DEL MERCADO","DANNY OCEAN","ATLANTIC RECORDS","WARNER MUSIC"
720,"SEX, DRUGS, ETC.","BEACH WEATHER","RCA RECORDS LABEL","SONY MUSIC"
721,"CARO AMORE LONTANISSIMO","MARCO MENGONI","EPIC","SONY MUSIC"
722,"SAPORE","FEDEZ FEAT. TEDUA","COLUMBIA","SONY MUSIC"
723,"LO SAI","TEDUA & SICK LUKE","SONY MUSIC","SONY MUSIC"
724,"QUANTO TI VORREI","CHIELLO & SHABLO","THAURUS/ISLAND","UNIVERSAL MUSIC"
725,"WHISKEY IL RAGNETTO","COCCOLE SONORE","DNA SRL","BELIEVE"
726,"STAMM FORT","LUCHÈ FEAT. SFERA EBBASTA","ISLAND","UNI"
727,"POLVERE","TEDUA, CHRIS NOLAN & AVA FEAT. CAPO PLAZA","SONY MUSIC","SONY MUSIC"
728,"L'ANIMA BALLA","OLLY","EPIC","SONY MUSIC"
729,"BLUE (DA BA DEE)","EIFFEL 65","BLISS CORPORATION","SONY MUSIC"
730,"PATATINE","DARGEN D'AMICO","UNIVERSAL MUSIC ITALIA SRL.","UNIVERSAL MUSIC"
731,"PARADISE","COLDPLAY","PARLOPHONE UK","WARNER MUSIC"
732,"STANZA SINGOLA","FRANCO126 FEAT. TOMMASO PARADISO","BOMBA DISCHI/ISLAND","UNI"
733,"BLUEFACE","DISME & VAZ TÈ FEAT. IZI & TEDUA","EPIC","SONY MUSIC"
734,"TUBARÃO TE AMO","DJ LK DA ESCÓCIA, TCHAKABUM & MC JHENNY FEAT. MC RF","NAS NUVENS CATALOG","INGROOVES"
735,"BLOOD 2","TICKY B","FAT RECORDS, DISTRIBUITED BY GUNA","BELIEVE"
736,"PARACETAMOLO","CALCUTTA","BOMBA DISCHI","SME"
737,"PESTO","CALCUTTA","SONY MUSIC","SONY MUSIC"
738,"SOGNI APPESI","ULTIMO","HONIRO","BELIEVE"
739,"THE KIDS AREN'T ALRIGHT","THE OFFSPRING","ROUND HILL MUSIC (OFFSPRING)","UNIVERSAL MUSIC"
740,"ENVOLVER","ANITTA","WARNER MUSIC LATINA","WARNER MUSIC"
741,"HEATHER","CONAN GRAY","REPUBLIC RECORDS","UNIVERSAL MUSIC"
742,"VENT'ANNI","MÅNESKIN","RCA RELEASE","SONY MUSIC"
743,"NIENTE","ULTIMO","ULTIMO RECORDS","BELIEVE"
744,"PIÙ BELLA COSA","EROS RAMAZZOTTI","RCA RECORDS LABEL","SONY MUSIC"
745,"QUESTA NOSTRA STUPIDA CANZONE D'AMORE","THEGIORNALISTI","CAROSELLO RECORDS","THE ORCHARD"
746,"BU!","ERNIA","ISLAND","UNIVERSAL MUSIC"
747,"MISS YOU","SOUTHSTAR","COLUMBIA/B1","SONY MUSIC"
748,"MONDO DI FANGO","GEMITAIZ","TANTA ROBA","UNIVERSAL MUSIC"
749,"PIOVE IN DISCOTECA","TOMMASO PARADISO","UNIVERSAL MUSIC ITALIA SRL.","UNIVERSAL MUSIC"
750,"HOUSE OF MEMORIES","PANIC! AT THE DISCO","FUELED BY RAMEN","WARNER MUSIC"
751,"YE@H","THASUP FEAT. SHIVA","ARISTA/COLUMBIA","SONY MUSIC"
752,"KU LO SA","OXLADE","EPIC","SONY MUSIC"
753,"MEDITERRANEA","IRAMA","WM ITALY","WARNER MUSIC"
754,"LAMBORGHINI","GUÈ PEQUENO FEAT. SFERA EBBASTA","UNIVERSAL MUSIC ITALIA SRL.","UNIVERSAL MUSIC"
755,"AUTOSTOP","RONDODASOSA","REAL MUSIC/ ATLANTIC","WARNER MUSIC"
756,"MONTERO (CALL ME BY YOUR NAME)","LIL NAS X","COLUMBIA","SONY MUSIC "
757,"VISTA AL MAR","QUEVEDO","QUEVEDO","WARNER MUSIC"
758,"MOONLIGHT","INTIFAYA, RAYAN & 8BLEVRAI","GOLD LEAVES ACADEMY","BELIEVE"
759,"LAKE WASHINGTON BOULEVARD","PINGUINI TATTICI NUCLEARI","SONY MUSIC","SONY MUSIC"
760,"TO BUILD A HOME","THE CINEMATIC ORCHESTRA FEAT. PATRICK WATSON","COLOSSEUM RECORDS","ZEBRALUTION"
761,"THUNDER","IMAGINE DRAGONS","INTERSCOPE","UNIVERSAL MUSIC"
762,"SIGN OF THE TIMES","HARRY STYLES","SONY MUSIC","SONY MUSIC"
763,"SONG 2","BLUR","PARLOPHONE UK","WARNER MUSIC"
764,"WE CAA DONE","POPCAAN & DRAKE","OVO SOUND","FOUNDATION MEDIA"
765,"SVUOTATASCHE","BRESH & SHUNE","EPIC","SONY MUSIC"
766,"TODO DE TI","RAUW ALEJANDRO","EPIC INTERNATIONAL","SONY MUSIC "
767,"NOTTI","SFERA EBBASTA","ISLAND / DEFJAM RECORDINGS","UNIVERSAL MUSIC"
768,"STRESSED OUT","TWENTY ONE PILOTS","FUELED BY RAMEN","WARNER MUSIC"
769,"LIVIN' ON A PRAYER","BON JOVI","ISLAND RECORDS","UNIVERSAL MUSIC"
770,"FORTE","GEMITAIZ","TANTA ROBA LABEL","UNIVERSAL MUSIC"
771,"ALYX","LAZZA & CAPO PLAZA","ISLAND","UNIVERSAL MUSIC"
772,"SPORT + MUSCOLI (RMX)","MARRACASH & LUCHÈ FEAT. LAZZA, PAKY & TAXI B","ISLAND","UNIVERSAL MUSIC"
773,"PHI","ERNIA","ISLAND","UNIVERSAL MUSIC"
774,"WHERE IS MY MIND?","PIXIES","4AD","BEGGARS NEW MEDIA"
775,"ADVICE","ANNA & MAMBOLOSCO","VIRGIN","UNIVERSAL MUSIC"
776,"OPEN BAR","IL PAGANTE","E-VENTURES","BELIEVE"
777,"AIRFORCE","MASSIMO PERICOLO, CROOKERS & MADAME","PLUGGERS","SONY MUSIC"
778,"NON AVERE PAURA","TOMMASO PARADISO","ISLAND","UNIVERSAL MUSIC"
779,"HO HEY","THE LUMINEERS","DECCA (UMO)","UNIVERSAL MUSIC"
780,"HOLLYWOOD","SFERA EBBASTA FEAT. DIPLO","ISLAND","UNIVERSAL MUSIC"
781,"CATTIVE INTENZIONI","ERNIA & SALMO","ISLAND","UNIVERSAL MUSIC"
782,"AFRICA","TOTO","EPIC","SONY MUSIC"
783,"E...","VASCO ROSSI","CAPITOL RECORDS","UNIVERSAL MUSIC"
784,"FENDI BELT","SHIVA & PAKY","MILANO OVEST/COLUMBIA","SONY MUSIC"
785,"COLTELLATA","GAZZELLE FEAT. THASUP","MACISTE DISCHI/ARTIST FIRST","ARTIST FIRST"
786,"MOSCOW MULE","BAD BUNNY","RIMAS ENTERTAINMENT LLC","THE ORCHARD"
787,"ANNA E MARCO","LUCIO DALLA","RCA RECORDS LABEL","SONY MUSIC"
788,"SORRISO (MILANO DATEO)","CALCUTTA","SONY MUSIC","SONY MUSIC"
789,"DANCING'S DONE","AVA MAX","ATLANTIC RECORDS","WARNER MUSIC"
790,"MORIRÒ DA RE","MÅNESKIN","EPIC","SONY MUSIC"
791,"SHUT DOWN","BLACKPINK","INTERSCOPE","UNIVERSAL MUSIC"
792,"LOGICO # 1","CESARE CREMONINI","VIRGIN","UNIVERSAL MUSIC"
793,"LA CANZONE DEL SOLE","LUCIO BATTISTI","NUMERO UNO","SONY MUSIC"
794,"DEDICATION","NIGHT SKINNY, GEOLIER & ANICE","ISLAND","UNIVERSAL MUSIC"
795,"CAMPO MINATO","TANANAI & ARIETE","CAPITOL","UNIVERSAL MUSIC"
796,"LENTO RMX","BORO BORO, MAMBOLOSCO & LOLA INDIGO","VIRGIN","UNI"
797,"TU NUN O SAJE","JHOSEF","ANTHONY","BELIEVE"
798,"O MAR FOR","STEFANO LENTINI FEAT. ICARO, LOLLOFLOW & RAIZ","RAI COM","BELIEVE"
799,"VIRALE","MATTEO ROMANO","CAPITOL","UNIVERSAL MUSIC"
800,"WISH YOU WERE HERE","PINK FLOYD","PINK FLOYD RECORDS","WARNER MUSIC"
801,"THE NIGHT WE MET","LORD HURON FEAT. PHOEBE BRIDGERS","UMGRI INTERSCOPE","UNIVERSAL MUSIC"
802,"DRILLMOON","RONDODASOSA & NKO FEAT. THASUP","REAL MUSIC/ATLANTIC","WARNER MUSIC"
803,"FRATELLO MIO","ESCOMAR FEAT. BABY GANG & SIMBA LA RUE","NO PARLA TANTO RECORDS SRLS","SONY MUSIC"
804,"RUN","ONEREPUBLIC","VIRGIN","UNIVERSAL MUSIC"
805,"THINKING OUT LOUD","ED SHEERAN","ATLANTIC RECORDS UK","WARNER MUSIC"
806,"CINY","SFERA EBBASTA","ISLAND / DEFJAM RECORDINGS","UNIVERSAL MUSIC"
807,"BLESSED","NIGHT SKINNY & DRAST FEAT. MADAME & THASUP & ARIETE","ISLAND","UNIVERSAL MUSIC"
808,"ACQUARIO","PICCOLO G","AMICI 22","THE ORCHARD"
809,"PISTOLERO","ELETTRA LAMBORGHINI","ISLAND","UNIVERSAL MUSIC"
810,"JE TE LAISSERAI DES MOTS","PATRICK WATSON","???","UNKNOWN"
811,"STOLEN DANCE","MILKY CHANCE","SURYA MUSICA","BELIEVE"
812,"NUMB","MARSHMELLO & KHALID","RCA RECORDS LABEL","SONY MUSIC"
813,"STILL D.R.E.","DR. DRE FEAT. SNOOP DOGG","AFTERMATH","UNIVERSAL MUSIC"
814,"HANNO UCCISO L'UOMO RAGNO","883","WM ITALY","WARNER MUSIC"
815,"NOTTE PRIMA DEGLI ESAMI","ANTONELLO VENDITTI","HEINZ MUSIC","SONY MUSIC"
816,"PORNSTAR","GEMITAIZ & SFERA EBBASTA","TANTA ROBA/ISLAND","UNIVERSAL MUSIC"
817,"RIDE IT","REGARD","MINISTRY OF SOUND RECORDINGS","SONY MUSIC"
818,"PORTO CERVO","LAZZA","ISLAND","SONY MUSIC"
819,"MON FRE","SHIVA FEAT. EMIS KILLA","MILANO OVEST/COLUMBIA","SONY MUSIC"
820,"NELLA CASA DI DIO","SICK LUKE, TONY EFFE, PAKY & J LORD","CAROSELLO RECORDS","UNIVERSAL MUSIC"
821,"STAND BY ME","BEN E. KING","RHINO ATLANTIC","WARNER MUSIC"
822,"OBSESSED WITH YOU","CENTRAL CEE & KOBZX2Z","CENTRAL CEE","WARNER MUSIC"
823,"ONLY LOVE CAN HURT LIKE THIS","PALOMA FAITH","RCA INT.","SONY MUSIC"
824,"UNA MATTINA","LUDOVICO EINAUDI","DECCA (UMO) (CLASSICS)","UNIVERSAL MUSIC"
825,"WHAT'S UP?","4 NON BLONDES","INTERSCOPE","UNIVERSAL MUSIC"
826,"SHAWTY","YUNG SNAPP FEAT. ANNA","COLUMBIA","SONY MUSIC"
827,"MAROCCHINO","BABY GANG","WM ITALY","WARNER MUSIC"
828,"FELICITÀ PUTTANA","THEGIORNALISTI","CAROSELLO RECORDS","THE ORCHARD"
829,"LADRO DI FIORI","BLANCO","ISLAND","UNIVERSAL MUSIC"
830,"GOOD 4 U","OLIVIA RODRIGO","VIRGIN","UNIVERSAL MUSIC"
831,"ROCKSTAR","SFERA EBBASTA","DEF JAM RECORDINGS/ISLAND","UNIVERSAL MUSIC"
832,"7 YEARS","LUKAS GRAHAM","WMI","WARNER MUSIC"
833,"PAROLE DI GHIACCIO","EMIS KILLA","CAROSELLO RECORDS","THE ORCHARD"
834,"THE COLOR VIOLET","TORY LANEZ","N.A.","LABEL ENGINE"
835,"CRY LATER","NOYZ NARCOS, SFERA EBBASTA & NIGHT SKINNY FEAT. LUCHÈ","THAURUS","BELIEVE"
836,"BAM BAM TWIST","ACHILLE LAURO FEAT. GOW TRIBE & FRENETIK&ORANG3","ELEKTRA RECORDS ITALY","WARNER MUSIC"
837,"ATTENTI AL LUPO","LUCIO DALLA","ARIOLA","SONY MUSIC"
838,"MALDITÈ","MIDA","DINERO","BELIEVE"
839,"NON SUCCEDERÀ PIÙ","CLAUDIA MORI","UNIVERSAL MUSIC ITALIA","UNIVERSAL MUSIC"
840,"EVERYBODY HURTS","R.E.M.","CONCORD RECORDS","UNIVERSAL MUSIC"
841,"JE SO' PAZZO","PINO DANIELE","???","UNKNOWN"
842,"MONOPOLIO","TY1","THAURUS","BELIEVE"
843,"LIMBO","DADDY YANKEE","CAPITOL LATIN","UNIVERSAL MUSIC"
844,"UNICA","ANTONELLO VENDITTI","HEINZ MUSIC","SONY MUSIC"
845,"LOST IN THE FIRE","GESAFFELSTEIN & THE WEEKND","COLUMBIA","SONY MUSIC"
846,"TV","BILLIE EILISH","DARKROOM/INTERSCOPE RECORDS","UNIVERSAL MUSIC"
847,"SENZA EMOTIONS","VALE PAIN & NKO FEAT. ANNA","REAL MUSIC/ATLANTIC","WARNER MUSIC"
848,"HIGHEST IN THE ROOM","TRAVIS SCOTT FEAT. ROSALÍA & LIL BABY","CACTUS JACK / EPIC","SONY MUSIC"
849,"ALL'ALBA SORGERÒ","SERENA AUTIERI","WALT DISNEY RECORDS","UNIVERSAL MUSIC"
850,"CRAZY","GNARLS BARKLEY","WM UK","WARNER MUSIC"
851,"I FEEL IT COMING","THE WEEKND FEAT. DAFT PUNK","UNIVERSAL REPUBLIC RECORDS","UNIVERSAL MUSIC"
852,"I WANNA DANCE WITH SOMEBODY","WHITNEY HOUSTON","ARISTA/LEGACY","SONY MUSIC"
853,"BLUE SKY","GEMITAIZ & MADMAN","TANTA ROBA LABEL","UNIVERSAL MUSIC"
854,"IL GALLO BARTOLITO","IL REGNO DEI BAMBINI","PLAYAUDIO KIDS","BELIEVE"
855,"HYMN FOR THE WEEKEND","COLDPLAY","PARLOPHONE","WARNER MUSIC"
856,"LOCA","AKA 7EVEN","COLUMBIA","SONY MUSIC"
857,"SBAGLIATA ASCENDENTE LEONE","EMMA","UME - GLOBAL CLEARING HOUSE","UNIVERSAL MUSIC"
858,"GOOD TIMES","GHALI","STO RECORDS/ATLANTIC","WARNER MUSIC"
859,"REVENGE","XXXTENTACION","BAD VIBES FOREVER","EMPIRE/SME"
860,"SPACE SONG","BEACH HOUSE","BELLA UNION","PIAS DIGITAL"
861,"IL PULCINO BALLERINO","PICCOLO CORO DELL'ANTONIANO","ZECCHINO D'ORO","SONY MUSIC"
862,"PRAY FOR ME","THE WEEKND & KENDRICK LAMAR","BLACK PANTHER (TDE/DMG) PS","UNIVERSAL MUSIC"
863,"LAST CHRISTMAS","WHAM!","SONY MUSIC","SONY MUSIC"
864,"JUST THE WAY YOU ARE","BRUNO MARS","ATLANTIC RECORDS","WARNER MUSIC"
865,"SHIRT","SZA","RCA RECORDS LABEL","SONY MUSIC"
866,"SEVEN NATION ARMY","THE WHITE STRIPES","XL RECORDINGS","BEGGARS NEW MEDIA"
867,"OUT OUT","JOEL CORRY & JAX JONES FEAT. CHARLI XCX & SAWEETIE","ASYLUM RECORDS","WARNER MUSIC"
868,"DA ZERO","NAYT & 3D","COLUMBIA","SONY MUSIC"
869,"STAN","EMINEM FEAT. DIDO","AFTERMATH","UNIVERSAL MUSIC"
870,"MORAD: BZRP MUSIC SESSIONS, VOL. 47","BIZARRAP & MORAD","DALE PLAY RECORDS","THE ORCHARD"
871,"LOADING","CENTRAL CEE","CENTRAL CEE","WARNER MUSIC"
872,"DESPACITO","LUIS FONSI FEAT. DADDY YANKEE","UMLE - LATINO","UNIVERSAL MUSIC"
873,"PROBLÈMES","NÉZA, NABI","FLEXIN GENERATION SRLS","SONY MUSIC"
874,"RICCIONE","THEGIORNALISTI","CAROSELLO RECORDS","ARTIST FIRST"
875,"MALIBU","VEGAS JONES","VIRGIN","UNIVERSAL MUSIC"
876,"DANDELIONS","RUTH B.","SONY MUSIC","SONY MUSIC"
877,"IL BALLO DELLE INCERTEZZE","ULTIMO","HONIRO","BELIEVE"
878,"BITTER SWEET SYMPHONY","THE VERVE","VIRGIN RECORDS","UNIVERSAL MUSIC"
879,"MA IL CIELO È SEMPRE PIÙ BLU","RINO GAETANO","RCA RECORDS LABEL","SONY MUSIC"
880,"SOLO3MIN","NEGRAMARO","UNIVERSAL MUSIC ITALIA SRL. (SUGAR)","UNIVERSAL MUSIC"
881,"BIMBI","CHARLIE CHARLES FEAT. IZI, RKOMI, SFERA EBBASTA, TEDUA & GHA","UNIVERSAL MUSIC ITALIA","UNIVERSAL MUSIC"
882,"FORMULA","LABRINTH","MASTERWORKS","SONY MUSIC"
883,"4 MARZO 1943","LUCIO DALLA","RCA RECORDS LABEL","SONY MUSIC"
884,"P SECONDIGLIANO","GEOLIER2, NICOLA SICILIANO & POISON","POISON","CD BABY"
885,"ABBI CURA DI TE","HIGHSNOB & HU","BELIEVE/PARLOPHONE","BELIEVE/WARNER MUSIC"
886,"SPIGOLI","CARL BRAVE, MARA SATTEI & THASUP","ISLAND","UNIVERSAL MUSIC"
887,"DON'T GO YET","CAMILA CABELLO","EPIC","SONY MUSIC"
888,"GIRO GIRO TONDO","DARIA TOFFALI","BLUE MUSIC","THE ORCHARD"
889,"I SOLDI E LA DROGA","JAKE LA FURIA & LAZZA","EPIC","SONY MUSIC"
890,"VEDO VEDO","CAROLINA BENVENGA","SONY MUSIC","SONY MUSIC"
891,"ANGELS","ROBBIE WILLIAMS","UMC (UNIVERSAL MUSIC CATALOGUE)","UNIVERSAL MUSIC"
892,"BLUN7 A SWISHLAND","THASUP","EPIC","SONY MUSIC"
893,"SUNSHINE","ONEREPUBLIC","MOSLEY MUSIC/INTERSCOPE RECORDS","UNIVERSAL MUSIC"
894,"RUBINI","MAHMOOD & ELISA","ISLAND","UNIVERSAL MUSIC"
895,"NO","MEGHAN TRAINOR","SMI EPC","SONY MUSIC"
896,"WAITING FOR LOVE","AVICII","PM:AM RECORDINGS","UNIVERSAL MUSIC"
897,"HALO","BEYONCÉ","SONY MUSIC","SONY MUSIC"
898,"CHANDELIER","SIA","RCA RECORDS LABEL","SONY MUSIC"
899,"MISSIONE GIUNGLA","ME CONTRO TE","ME CONTRO TE","PK INTERACTIVE / DISTROKID"
900,"IMAGINE","JOHN LENNON","UNIVERSAL MUSIC","UNIVERSAL MUSIC"
901,"SHOULD I STAY OR SHOULD I GO","THE CLASH","NOW! MUSIC","SONY MUSIC"
902,"THE BUSINESS","TIËSTO","ATLANTIC RECORDS","WARNER MUSIC"
903,"22 SETTEMBRE","ULTIMO","ULTIMO RECORDS","BELIEVE"
904,"STAY","RIHANNA FEAT. MIKKY EKKO","DEF JAM RECORDINGS","UNIVERSAL MUSIC"
905,"SCAPPO VADO VIA","NIKO PANDETTA FEAT. J2LASTEU","N.P. PRODUCTION","ADA"
906,"APOLOGIZE","TIMBALAND FEAT. ONEREPUBLIC","INTERSCOPE/BLACKGROUND RECORDS","UNIVERSAL MUSIC"
907,"FUTURA EX","GUÈ & ERNIA","ISLAND","UNIVERSAL MUSIC"
908,"DON'T LOOK BACK IN ANGER","OASIS","BIG BROTHER RECORDINGS LTD","THE ORCHARD"
909,"BELLA STORIA","FEDEZ","COLUMBIA","SONY MUSIC"
910,"IL REGALO PIÙ GRANDE","TIZIANO FERRO","EMI RECORDS ITALY S.R.L.","UNIVERSAL MUSIC"
911,"OBSESIÓN","AVENTURA","ARIOLA","SONY MUSIC"
912,"BODY PARTS (I DENTI)","MARRACASH","ISLAND","UNIVERSAL MUSIC"
913,"BUGIA","LAZZA & TORY LANEZ","ISLAND","UNIVERSAL MUSIC"
914,"BRING ME TO LIFE","EVANESCENCE","THE BICYCLE MUSIC COMPANY","UNIVERSAL MUSIC"
915,"CARELESS WHISPER","GEORGE MICHAEL","SONY MUSIC UK","SONY MUSIC"
916,"PORNOGRAFIA (BIANCO PARADISO)","BLANCO","ISLAND","UNIVERSAL MUSIC"
917,"UNA CANZONE D'AMORE BUTTATA VIA","VASCO ROSSI","VIRGIN","UNIVERSAL MUSIC"
918,"DIMENTICARE","SHIVA FEAT. FEDERICA ABBATE","MILANO OVEST/COLUMBIA","SONY MUSIC"
919,"WE FOUND LOVE","RIHANNA FEAT. CALVIN HARRIS","DEF JAM","UNIVERSAL MUSIC"
920,"DIVA","LA RAPPRESENTANTE DI LISTA","SONY MUSIC","SONY MUSIC"
921,"BACK TO BLACK","AMY WINEHOUSE","UNIVERSAL-ISLAND RECORDS LTD.","UNIVERSAL MUSIC"
922,"COME STAI","BRESH, SHUNE & IZI","EPIC","SONY MUSIC"
923,"OVER THE RAINBOW","ISRAEL KAMAKAWIWO'OLE","ZEITGEIST","UNIVERSAL MUSIC"
924,"QUALCOSA IN CUI CREDERE (LO SCHELETRO)","MARRACASH & GUÈ PEQUENO","ISLAND","UNIVERSAL MUSIC"
925,"VENERE E MARTE","TAKAGI & KETRA, MARCO MENGONI & FRAH QUINTALE","SONY MUSIC","SONY MUSIC"
926,"CIELO DAMMI LA LUNA","SANGIOVANNI","SUGAR","UNIVERSAL MUSIC"
927,"CON IL NASTRO ROSA","LUCIO BATTISTI","NUMERO UNO","SONY MUSIC"
928,"DIOR","POP SMOKE","VICTOR VICTOR WORLDWIDE","UNIVERSAL MUSIC"
929,"LA DONNA CANNONE","FRANCESCO DE GREGORI","RCA RECORDS LABEL","SONY MUSIC"
930,"SACRIFICE","THE WEEKND","ISLAND","UNIVERSAL MUSIC"
931,"SOLDI","MAHMOOD","ISLAND","UNI"
932,"TRANCE","METRO BOOMIN, TRAVIS SCOTT & YOUNG THUG","REPUBLIC RECORDS","UNIVERSAL MUSIC"
933,"LOVE THE WAY YOU LIE","EMINEM FEAT. RIHANNA","AFTERMATH","UNIVERSAL MUSIC"
934,"IN DA GETTO","J. BALVIN & SKRILLEX","VIRGIN","UNIVERSAL MUSIC"
935,"COMANDAMENTO","PAKY & GEOLIER","ISLAND","UNIVERSAL MUSIC"
936,"STARGIRL INTERLUDE","THE WEEKND","UNIVERSAL REPUBLIC RECORDS","UNIVERSAL MUSIC"
937,"NAPULE È","PINO DANIELE","WMI ITALY","WARNER MUSIC"
938,"ROCKET MAN (I THINK IT'S GOING TO BE A LONG LONG TIME)","ELTON JOHN","EMI","UNIVERSAL MUSIC"
939,"WE COULD BE TOGETHER","GABRY PONTE & LUM!X FEAT. DADDY DJ","GEKAI","WARNER MUSIC"
940,"YOSHI (REMIX)","MACHETE, DANI FAIV & J-BALVIN FEAT. THA SUPREME, FABRI FIBRA & CAPO PLAZA","EPIC","SONY MUSIC"
941,"IL COCCODRILLO COME FA?","PICCOLO CORO DELL'ANTONIANO","ZECCHINO D'ORO","SONY MUSIC"
942,"BUON VIAGGIO (SHARE THE LOVE)","CESARE CREMONINI","UNIVERSAL MUSIC ITALIA SRL.","UNIVERSAL MUSIC"
943,"ZITTA","SICK BUDD & SILENT BOB","N.A.","PK INTERACTIVE / DISTROKID"
944,"WRECKING BALL","MILEY CYRUS","RCA INT.","SONY MUSIC"
945,"ROCKSTAR","POST MALONE FEAT. 21 SAVAGE","UNIVERSAL RECORDS","UNIVERSAL MUSIC"
946,"QUESTO PICCOLO GRANDE AMORE","CLAUDIO BAGLIONI","RCA RECORDS LABEL","SONY MUSIC"
947,"DRIVERS LICENSE","OLIVIA RODRIGO","VIRGIN","UNIVERSAL MUSIC"
948,"STELLA DI MARE","CESARE CREMONINI & LUCIO DALLA","VIRGIN/SONY MUSIC","UNIVERSAL MUSIC"
949,"HATE IT OR LOVE IT","THE GAME FEAT. 50 CENT","GEFFEN","UNIVERSAL MUSIC"
950,"MR. BRIGHTSIDE","THE KILLERS","ISLAND","UNIVERSAL MUSIC"
951,"FIORI DI CHERNOBYL","MR.RAIN","WM ITALY","WARNER MUSIC"
952,"MINUETTO","MIA MARTINI","BMG RIGHTS MGMT ITALY S.R.L.","WARNER MUSIC"
953,"METEORITI","MR.RAIN","ATLANTIC","WARNER MUSIC"
954,"DOWN IN ATLANTA","PHARRELL WILLIAMS & TRAVIS SCOTT","COLUMBIA","SONY MUSIC"
955,"NO ROLE MODELZ","J. COLE","ROC NATION RECORDS LLC","UNIVERSAL MUSIC"
956,"REMEMBER","BECKY HILL & DAVID GUETTA","POLYDOR RECORDS","UNIVERSAL MUSIC"
957,"ADAN Y EVA","PAULO LONDRA","WEA LATINA","WARNER MUSIC"
958,"LA CHIAVE","SALMO FEAT. MARRACASH","COLUMBIA","SONY MUSIC"
959,"SHAKE IT OFF","TAYLOR SWIFT","BIG MACHINE RECORDS, LLC","UNIVERSAL MUSIC"
960,"ALTALENE","BLOODY VINYL, SLAIT, THA SUPREME FEAT. MARA SATTEI, COEZ","ARISTA","SONY MUSIC"
961,"WEST COAST","ONEREPUBLIC","MOSLEY MUSIC/INTERSCOPE RECORDS","UNIVERSAL MUSIC"
962,"WEEKEND","BLOODY VINYL, SLAIT, YOUNG MILES FEAT. LAZZA, MADAME, MASSIMO PERICOLO","ARISTA","SONY MUSIC"
963,"YOUR SONG","ELTON JOHN","MERCURY","UNIVERSAL MUSIC"
964,"LOVE IN THE DARK","ADELE","XL RECORDINGS","BEGGARS NEW MEDIA"
965,"DANZA KUDURO","LUCENZO FEAT. DON OMAR","ZEITGEIST","UNIVERSAL MUSIC"
966,"CAS!NO NELLA M!A TESTA","THASUP FEAT. SALMO","ARISTA/COLUMBIA","SONY MUSIC"
967,"HOLD BACK THE RIVER","JAMES BAY","UNIVERSAL RECORDS","UNIVERSAL MUSIC"
968,"PHYSICAL","DUA LIPA","WARNER RECORDS","WARNER MUSIC"
969,"RON COLA","RAUW ALEJANDRO & SUBELO NEO","EPIC","SONY MUSIC"
970,"FIRST CLASS","JACK HARLOW","GENERATION NOW/ATLANTIC","WARNER MUSIC"
971,"GIULIA","PINGUINI TATTICI NUCLEARI","RCA RECORDS LABEL","SONY MUSIC"
972,"BOULEVARD OF BROKEN DREAMS","GREEN DAY","REPRISE","WARNER MUSIC"
973,"SCACCIACANI","KETAMA126 & MASSIMO PERICOLO","EPIC","SONY MUSIC"
974,"IRIS (TRA LE TUE POESIE)","BIAGIO ANTONACCI","UNIVERSAL MUSIC ITALIA SRL.","UNIVERSAL MUSIC"
975,"NORD SUD OVEST EST","MAX PEZZALI & 883","WM ITALY","WARNER MUSIC"
976,"DALL'ALTRA PARTE DEL MONDO","PETER WHITE","PETER WHITE","FUGA / IIP-DDS"
977,"WHERE'S MY LOVE","SYML","NETTWERK RECORDS","WARNER MUSIC"
978,"OPINEL","SIMBA LA RUE","WM ITALY","WARNER MUSIC"
979,"LAY LOW","TIËSTO","MUSICAL FREEDOM","WARNER MUSIC"
980,"GIRLS JUST WANT TO HAVE FUN","CYNDI LAUPER","COLUMBIA/SONY MUSIC SOUNDTRAX","SONY MUSIC"
981,"LA GENESI DEL TUO COLORE","IRAMA","WM ITALY","WARNER MUSIC"
982,"SAY SOMETHING","A GREAT BIG WORLD FEAT. CHRISTINA AGUILERA","EPIC","SONY MUSIC"
983,"QUEL FILO CHE CI UNISCE","ULTIMO","ULTIMO RECORDS","BELIEVE"
984,"HEAD & HEART","JOEL CORRY FEAT. MNEK","ATLANTIC RECORDS UK","WARNER MUSIC"
985,"LAVENDER HAZE","TAYLOR SWIFT","ISLAND","UNIVERSAL MUSIC"
986,"GYAL YOU A PARTY ANIMAL","CHARLY BLACK","VP RECORDS","WARNER MUSIC"
987,"IT'S MY LIFE","BON JOVI","BON JOVI PROFIT SPLIT (CATALOG)","UNIVERSAL MUSIC"
988,"EVERGREEN","OMAR APOLLO","WARNER RECORDS","WARNER MUSIC"
989,"PICCOLA STELLA SENZA CIELO","LIGABUE","WM ITALY","WARNER MUSIC"
990,"WEEKEND","ERNIA","ISLAND","UNIVERSAL MUSIC"
991,"LA TUA CANZONE","COEZ","CAROSELLO RECORDS","THE ORCHARD"
992,"SERE NERE","TIZIANO FERRO","CAROSELLO RECORDS","CAROSELLO RECORDS"
993,"HALL OF FAME","THE SCRIPT FEAT. WILL.I.AM","EPIC/PHONOGENIC","SONY MUSIC"
994,"EL FARSANTE","OZUNA","VP RECORDS CORP/DIMELO VI","SONY MUSIC"
995,"STELLA STELLINA","COCCOLE SONORE","DNA SRL","BELIEVE"
996,"DENDE","GHALI","STO RECORDS","BELIEVE"
997,"VOLARE","DANNY OCEAN","ATLANTIC RECORDS","WARNER MUSIC"
998,"AUTO BLU","SHIVA & EIFFEL 65","JIVE","SONY MUSIC"
999,"BENE","GEMITAIZ","TANTA ROBA LABEL","UNIVERSAL MUSIC"
1000,"CENERE","NASHLEY","3FLOWRIDA","BELIEVE"